Log of Implementation Engineer
[2026-05-26--15:14:42]User: You will now be provided with a design document for a software that you need to create

The design document is formated as detailed here:

Software Design Policy (SDP)

The Objective of the Design Document is to Detail the Software Design in these Artifacts:
a. Component
b. State Machine
c. Additional Data

Document Structure
1. Findings are to be structured using XML files.
2. Only One Document is used to store all artifacts.
3. The Document must start with the <Design> tag.

Document Template
<Design>
    <Components>
    ...
    </Components>
    <StateMachines>
    ...
    </StateMachines>
    <AdditionalData>
    ...
    </AdditionalData>
</Design>

Component Structure
1. All components must be under the <Components> Tag
2. Each Components tag must have the version attribute, containing the version of the Artifact
3. Below the <Components> tag, every component must be stored inside its own <Component> tag.

4. Each component must have the following children
   a. <ID>: unique identifier for the component
   b. <Name> a descriptive name for the component
   c. <Purpose>: A detailed description of what the component does
   d. <ConnectedComponents>: All components that have some sort of connection to the component, inside <ConnectedComponent> tags. The ConnectedComponent tag must have these children
    d1. <Identifier>: The identifier of the connected component.
    d2. <Transmit>: All Signals that are transmitted by the connected component to the component, inside <Signal> tags. The Signal tag must have these children
        d2,1: <Name>: The identifier of the Signal
        d2,2 <Description>: Description of the Signal containing everything relevant for implementation
    d3. <Receive>: All Signals that are transmitted by the component to the connected component, inside <Signal> tags. The Signal tag must have these children
        d3,1: <Name>: The identifier of the Signal
        d3,2 <Description>: Description of the Signal containing everything relevant for implementation
   e. <Execution>: Description of the Conditions required for the components execution
   f. <Timing>: The timing constraints set onto the component, including execution frequency, in plain text.
   g. <Invariants>: All Invariants, in plain text.
   h. <Failures>: All Failure States including how to get to them, in plain text.
   i. <DerivedFrom>: All Low Level Requirements this Component is derived from

Component Template

<Components  version="{version}">
    <Component>
        <ID> {Identifier} </ID>
        <Name> {Name}  <Name>
        <Purpose> {Purpose} </Purpose>
        <ConnectedComponents>
            <ConnectedComponent>
                <Identifier> {Identifier} </Identifier>
                <Transmit>
                    <Signal>
                        <Name>{Signal Name}</Name>
                        <Description>{Signal Description}</Description>
                    </Signal>
                </Transmit>
                <Receive>
                    <Signal>
                        <Name>{Signal Name}</Name>
                        <Description>{Signal Description}</Description>
                    </Signal>
                </Receive>
            </ConnectedComponent>
        </ConnectedComponents>
        <Execution> {Execution Conditions} </Execution>
        <Timing> {Timing Constraints} </Timing>
        <Invariants> {Invariants} </Invariants>
        <Failures> {Failures} </Failures>
        <DerivedFrom> {Requirements} </DerivedFrom>
    </Component>
</Components>

State Machine Structure
1. All State Machines must be under the <StateMachines> Tag
2. Each State Machines tag must have the version attribute, containing the version of the Artifact
3. Below the <StateMachines> tag, every state machine must be stored inside its own <StateMachine> tag.

4. Each State Machine must have the following children
    a. <ID>: unique identifier for the State Machine
    b. <OfComponent>: reference to the component that own the State Machine
    c. <States> :All possible States, inside <State> tags. The State tag must have these children
        c1. <Name>: The Name of the State
        c2. <StateAction>: Optional: The Action performed when the state is active
    d. <Transitions>: All possible Transitions between States, inside <Transition> tags. The Transition tag must have these children
        d1. <From>: The State the transition starts in
        d2. <To>: The State the transitions ends in
        d3. <Trigger>: The Event that needs to happen for the transition to start, explained
        d4. <Guard>: Optional: Conditions that need to be met for the transition to start, explained
        d5. <TransitionAction>: Optional: The Action performed when the transition happens
    e. <DerivedFrom>: All Low Level Requirements this State Machine is derived from

State Machine Template

<StateMachines  version="{version}">
    <StateMachine>
        <ID> {Identifier} </ID>
        <OfComponent>{Component}</OfComponent>
        <States>
            <State>
                <Name>{Name}</Name>
                <StateAction>{Action}</StateAction>
            </State>
        </States>
        <Transitions>
            <Transition>
                <From>{From State}</From>
                <To>{To State}</To>
                <Trigger>{Trigger}</Trigger>
                <Guard>{Guard}</Guard>
                <TransitionAction>{Action}</TransitionAction>
            </Transition>
        </Transitions>
        <DerivedFrom> {Requirements} </DerivedFrom>
    </StateMachine>
</StateMachines>

Additional Data Structure
1. Additional Data must be under the <AdditionalData> Tag
2. Each additional data tag must have the version attribute, containing the version of the Artifact
3. Below the <AdditionalData> tag, every bit of data must be stored inside its own <Data> tag.

4.  Each Data point must have the following children
    a. <ID>: unique identifier for the Data Point
    b. <Content>: The content of the data, describing everything needed for implementation
    c. <DerivedFrom>: All Low Level Requirements this Data is derived from

<AdditionalData  version="{version}">
    <Data>
        <ID> {Identifier} </ID>
        <Content>
            {Content}
        </Content>
        <DerivedFrom> {Requirements}</DerivedFrom>
    </Data>
</AdditionalData>

Identification
  The content of the artifacts <ID> tag must conform to the pattern:
  "{type}--{counter}"
  "type": The type of artifact: "CMP": Component, "FSM": State Machine, "DAT": Additional Data
  "counter": The number of the artifact in its category, starting with 1


Differentiation

All software components need to be structured into the Component Artifact, to describe their behaviour State Machines are used.
Information from the LLRs that do not fit into either Artifact type are to be put into the additional data Artifact. 

From it you must create a Implementation in a document formated as detailed here

Software Coding Policy

1.Format
When prompted you must submit one document containing the file structure and all code files that make up the project, all contained under the <Implementation> tag. This tag has one child <Structure> and one child <Code>

<Implementation>
    <Structure>
    ...
    </Structure>
    <Code>
    ...
    </Code>
</Implementation>


2. Structure
The Structure must start with the <Structure> tag, the Structure tag can have two types of children:
   a. The <File> tag, containing the name of the file
   b. The <Directory> tag, with the attribute "name", containing the directory name. The directory can have children of type directory, or file.

Structure Template

<Structure>
    <Directory name="{Directory Name}">
        <File>{File Name}</File>
        <Directory name="{Directory Name}">
            ...
        </Directory>
    </Directory>
    <File>{File Name}</File>
</Structure>

3. Code
The Code must start with the <Code> tag and has one type of child:
    a. <CodeFile> tag, with the attribute "name", containing the files name and matching to one file in the Structure, the content of the <CodeFile> is the code that lives in the file in the programming lanugage specified

Code Template
<Code>
    <CodeFile name="{name}">
    </CodeFile>
</Code>

4. Coding Standard
It is imperative that the code is well documented and segments are traced to the design artifact, for later testing
Keep in mind that the document you submit is to be parsed as XML so use escape characters and keep the strucuture in mind 

Specific information that is relevant for the project, including programming language follows:

The implementation is to be done in python using micropython to run on a raspberry pi pico go
To access any function first a object of the class type needs to be created

this is the path from the root you code will be at the python root

Your main file must be named main.py


Here are all relevant functions that can be used

Waveshare.battery:
class: Battery
functions:
get_percentage()
get_voltag()

Waveshare.motor:
class: Motor
functions:
backward(self, speed: int) -> None
forward(self, speed: int) -> None
left(self, speed: int) -> None
right(self, speed: int) -> None
set(self, left_speed: int, right_speed: int) -> None
stop(self) -> None

Waveshare.ultrasonic_sensor:
class: UltrasonicSensor
functions:
distance(self) -> float

Waveshare.infrared:
class: Infrared
functions:
dsl(self) -> bool
dsr(self) -> bool 

If prompted to answer, answer with the xml document, otherwise answer only with "check"


[2026-05-26--15:14:44]Agent: check
[2026-05-26--15:14:44]User: Here is the Design File:
<Design>
    <Components version="3">
        <Component>
            <ID>CMP--1</ID>
            <Name>Mission Control State Machine</Name>
            <Purpose>
                Central mission coordinator that owns the top-level mission state machine (defined formally in FSM--1) and orchestrates exploration, return-to-start, and second run behaviors.
                Responsibilities:
                - Maintain mission state with states {IDLE, EXPLORE, RETURN_TO_START, SECOND_RUN, COMPLETED}, with behavior and transitions specified in FSM--1.
                - Consume initialization, exploration-status, planning, and second-run status indications.
                - Periodically trigger frontier target selection, path planning, and motion execution based on current state.
                - Enforce exploration start/stop conditions, including sensor-availability and time-limit conditions.
                - Invoke return-to-start and second-run services and relay their status to external reporting.
                Determinism of transitions (for a given state and input set per control-loop cycle) is guaranteed by FSM--1.
            </Purpose>
            <ConnectedComponents>
                <ConnectedComponent>
                    <Identifier>CMP--2</Identifier>
                    <Transmit>
                        <Signal>
                            <Name>MC_FrontierRequest</Name>
                            <Description>
                                Request sent in EXPLORE to frontier-generation module to compute or refresh the current set of frontier cells.
                                Contains: current robot cell index (row, col), current mission time, and remaining exploration time (ms).
                                Triggered once per exploration control cycle where target reselection is required.
                            </Description>
                        </Signal>
                        <Signal>
                            <Name>MC_FrontierTargetSelectionContext</Name>
                            <Description>
                                Optional context information for frontier target selection, including:
                                - Current cell index.
                                - Current goal region, if known.
                                - Nominal cell traversal duration.
                                Intended to allow frontier module or associated heuristic to compute expected information gain and feasibility.
                            </Description>
                        </Signal>
                        <Signal>
                            <Name>MC_PathPlanningRequest</Name>
                            <Description>
                                Request to path planner to compute a path for:
                                - Exploration navigation to a selected frontier target cell (EXPLORE state).
                                - Return-to-start path (RETURN_TO_START state).
                                - Second-run fastest path (SECOND_RUN state).
                                Fields:
                                - RequestID.
                                - Mode: {EXPLORE, RETURN_TO_START, SECOND_RUN}.
                                - StartCell (row, col).
                                - GoalSpec: single goal cell or goal region set.
                                - TraversalCostProfileID (points to cost parameters for exploration or second-run).
                            </Description>
                        </Signal>
                        <Signal>
                            <Name>MC_MotionCommand</Name>
                            <Description>
                                High-level motion command to motion control / motion primitive module.
                                Encodes:
                                - Path to execute (list of cell centers) or next motion primitive.
                                - Execution mode: {ExplorationSpeed, ReturnSpeed, SecondRunSpeed}.
                                - Safety constraints: min clearance M, emergency stop thresholds.
                                Generated each control loop when in EXPLORE, RETURN_TO_START, or SECOND_RUN and a valid path exists.
                            </Description>
                        </Signal>
                        <Signal>
                            <Name>MC_SecondRunStatusOutput</Name>
                            <Description>
                                Enumerated status output for external reporting:
                                Values: {SECOND_RUN_NOT_EXECUTED, SUCCESS, FAILURE, ABORTED_TIMEOUT, ABORTED_COLLISION}.
                                Updated when entering SECOND_RUN, on completion, or on abort.
                            </Description>
                        </Signal>
                    </Transmit>
                    <Receive>
                        <Signal>
                            <Name>FGM_FrontierSet</Name>
                            <Description>
                                Set of frontier cells computed by frontier-generation module.
                                Structure: list of (row, col) cells that are UNKNOWN and 4-neighbors of FREE cells.
                                Includes timestamp and map revision number to detect stale data.
                            </Description>
                        </Signal>
                        <Signal>
                            <Name>PL_PathPlanningResponse</Name>
                            <Description>
                                Response from path planner:
                                - RequestID echo.
                                - Status: {SUCCESS, FAILURE_NO_PATH, FAILURE_TIMEOUT, INVALID_GOAL}.
                                - Path: ordered list of cell indices.
                                - EstimatedTravelCost and EstimatedTravelTime.
                                Used by mission control to command motion or handle planning failure.
                            </Description>
                        </Signal>
                        <Signal>
                            <Name>INIT_COMPLETED</Name>
                            <Description>
                                Flag or event from initialization/scheduler module indicating successful completion of system initialization.
                                Sampled each control loop while in IDLE.
                                Mission control uses this along with valid sensor data to transition to EXPLORE.
                            </Description>
                        </Signal>
                        <Signal>
                            <Name>ExplorationEvents</Name>
                            <Description>
                                Events from exploration-status module:
                                - EXPLORATION_COMPLETED: map completeness achieved.
                                - EXPLORATION_TIMEOUT: global mapping time limit reached.
                                These events are enqueued into a system event queue; mission control drains the queue once per control loop and updates state accordingly.
                            </Description>
                        </Signal>
                        <Signal>
                            <Name>ReturnToStartStatus</Name>
                            <Description>
                                Status from return-to-start service/motion execution:
                                - {RUNNING, REACHED_START, PLANNING_FAILURE, ABORTED_COLLISION}.
                                Mission control uses this to determine when to initiate SECOND_RUN or declare failure.
                            </Description>
                        </Signal>
                        <Signal>
                            <Name>SecondRunExecutionStatus</Name>
                            <Description>
                                Status from second-run execution logic:
                                - {RUNNING, SUCCESS_REACHED_GOAL, FAILURE_COLLISION, FAILURE_NO_PATH}.
                                Mission control propagates this into COMPLETED state and MC_SecondRunStatusOutput.
                            </Description>
                        </Signal>
                        <Signal>
                            <Name>SensorAvailabilityStatus</Name>
                            <Description>
                                Boolean from sensor abstraction layer indicating that at least one valid set of ultrasonic and infrared measurements has been acquired in current mission.
                                Used along with INIT_COMPLETED to trigger transition from IDLE to EXPLORE.
                            </Description>
                        </Signal>
                        <Signal>
                            <Name>PoseEstimate</Name>
                            <Description>
                                Current discrete pose estimate: (row, col, headingIndex).
                                Used in EXPLORE, RETURN_TO_START, SECOND_RUN to determine start cell for path planning and to detect arrival at target cells or goal region cells.
                            </Description>
                        </Signal>
                        <Signal>
                            <Name>GoalRegionInfo</Name>
                            <Description>
                                Selected 2x2 goal region for second run:
                                - Set of 1–4 FREE goal cells (row, col).
                                - Region ID and metadata.
                                Provided upon exploration completion and prior to SECOND_RUN state planning.
                            </Description>
                        </Signal>
                    </Receive>
                </ConnectedComponent>
                <ConnectedComponent>
                    <Identifier>CMP--10</Identifier>
                    <Transmit>
                        <Signal>
                            <Name>MC_StateBroadcast</Name>
                            <Description>
                                Broadcast of current mission state for logging or visualization:
                                {IDLE, EXPLORE, RETURN_TO_START, SECOND_RUN, COMPLETED}.
                                Emitted each control loop or on state changes.
                            </Description>
                        </Signal>
                    </Transmit>
                    <Receive>
                        <Signal>
                            <Name>Sched_Timebase</Name>
                            <Description>
                                Control loop tick and elapsed mission time from scheduler.
                                Includes:
                                - Loop index.
                                - ElapsedTimeMs since exploration start.
                                Used internally to enforce timing behavior and exploration time limits.
                            </Description>
                        </Signal>
                    </Receive>
                </ConnectedComponent>
            </ConnectedComponents>
            <Execution>
                Executed once per iteration of the periodic control loop (CMP--10), after sensor acquisition and map update, before motion output.
                Conditions:
                - System is running (not in hardware-level fault).
                - INIT_COMPLETED flag available for IDLE-&gt;EXPLORE.
                - Uses exploration events, planner responses, and motion status to drive deterministic transitions between mission states as defined by FSM--1.
                The behavior of this component, including all state transitions and their guards, is fully specified by state machine FSM--1 in the StateMachines artifact.
            </Execution>
            <Timing>
                - Invoked exactly once per control loop with period T defined by scheduler (LL--SCHED--1.1.1).
                - EXPLORE behavior: frontier requests and planning requests are limited to at most one per control loop but may be throttled (e.g., only when previous path has been consumed or invalidated).
                - RETURN_TO_START and SECOND_RUN: planning invoked once per entry; replanning invoked when map invalidations arise.
                - All decisions must complete within the control loop budget; mission control logic is O(1) to O(N_frontiers) per cycle, where N_frontiers is bounded by 32 cells in a 4x8 grid.
            </Timing>
            <Invariants>
                - Mission state is always one of {IDLE, EXPLORE, RETURN_TO_START, SECOND_RUN, COMPLETED}.
                - State transitions are deterministic for a given history of events and time; in each control-loop cycle, for any combination of evaluated inputs/events, at most one outgoing transition from the current state is taken, with fixed priority rules when multiple triggers are simultaneously true.
                - While in COMPLETED, no new motion commands are issued to motion control.
                - While in IDLE, motors remain stopped except for test routines external to this component.
                - Only one of EXPLORE, RETURN_TO_START, or SECOND_RUN can be active at a time.
            </Invariants>
            <Failures>
                - Planning failure in RETURN_TO_START:
                  Trigger: PL_PathPlanningResponse with FAILURE_NO_PATH or FAILURE_TIMEOUT for return-to-start request.
                  Effect: Mission control records return failure, may either:
                    * Transition directly to COMPLETED with MC_SecondRunStatusOutput=FAILURE, or
                    * Remain in RETURN_TO_START and request retry with backoff (implementation policy encoded via AdditionalData).
                - Planning failure in SECOND_RUN:
                  Trigger: PL_PathPlanningResponse with FAILURE_NO_PATH or FAILURE_TIMEOUT for second-run request.
                  Effect: MC_SecondRunStatusOutput=FAILURE; transition to COMPLETED.
                - Exploration timeout:
                  Trigger: EXPLORATION_TIMEOUT event prior to EXPLORATION_COMPLETED.
                  Effect: EXPLORE-&gt;RETURN_TO_START, with cause logged as TIMEOUT; second run still attempted if return succeeds.
                - Unexpected event in COMPLETED:
                  Any further exploration or planning events are ignored; MC_SecondRunStatusOutput remains latched.
            </Failures>
            <DerivedFrom>
                LL--MAP--1.1.1 LL--MAP--1.1.2 LL--MAP--1.1.3 LL--MAP--1.1.4 LL--MAP--1.5.1 LL--MAP--1.5.2
                LL--RUN--1.1.1 LL--RUN--1.1.2 LL--RUN--1.2.1 LL--RUN--1.2.2 LL--RUN--1.2.3 LL--RUN--1.2.4 LL--RUN--1.2.5
                LL--EVENT--1.1.1 LL--SCHED--1.1.1 LL--INIT--1.1.1
            </DerivedFrom>
        </Component>

        <Component>
            <ID>CMP--2</ID>
            <Name>Frontier Generation and Exploration Target Selection</Name>
            <Purpose>
                Provides frontier-based exploration capabilities:
                - Maintains and computes frontier cells based on current grid map.
                - Offers functions to retrieve current frontier set.
                - Implements heuristic to prioritize frontier targets using estimated travel-time and expected information gain.
                - Enforces time-aware filtering of candidate targets based on remaining exploration time and nominal cell traversal duration.
            </Purpose>
            <ConnectedComponents>
                <ConnectedComponent>
                    <Identifier>CMP--3</Identifier>
                    <Transmit>
                        <Signal>
                            <Name>FGM_FrontierSet</Name>
                            <Description>
                                Set of frontier cells: UNKNOWN cells that are 4-neighbors of at least one FREE cell.
                                Represented as vector of (row, col).
                                Recomputed:
                                - On demand (MC_FrontierRequest).
                                - Whenever a cell transitions from UNKNOWN to FREE/BLOCKED or a wall changes classification, via map-change notifications.
                            </Description>
                        </Signal>
                        <Signal>
                            <Name>FGM_SelectedTarget</Name>
                            <Description>
                                Single frontier cell chosen as exploration target based on heuristic.
                                Structure:
                                - TargetCell (row, col).
                                - EstimatedTravelTimeMs.
                                - EstimatedNewlyObservableCells.
                                - CompositeHeuristicValue.
                            </Description>
                        </Signal>
                    </Transmit>
                    <Receive>
                        <Signal>
                            <Name>MC_FrontierRequest</Name>
                            <Description>
                                Trigger from mission control to update frontier set and provide a new frontier target.
                                Includes: current robot cell, remaining exploration time, and cost profile ID.
                            </Description>
                        </Signal>
                        <Signal>
                            <Name>GM_MapQuery</Name>
                            <Description>
                                Queries to grid map:
                                - GetCellState(row, col) -&gt; {UNKNOWN, FREE, BLOCKED}.
                                - GetNeighborCells4(row, col) -&gt; list of valid neighbor indices.
                                - GetWallState between cells.
                            </Description>
                        </Signal>
                        <Signal>
                            <Name>TimeAwarePlanningInfo</Name>
                            <Description>
                                RemainingTimeMs and NominalCellTraversalDurationMs from time-constraint module.
                                Used to discard frontier candidates whose estimated travel time + mapping overhead exceeds RemainingTimeMs.
                            </Description>
                        </Signal>
                    </Receive>
                </ConnectedComponent>
                <ConnectedComponent>
                    <Identifier>CMP--4</Identifier>
                    <Transmit>
                        <Signal>
                            <Name>FGM_TargetEstimates</Name>
                            <Description>
                                For each frontier candidate, FGM can optionally expose:
                                - Estimated path cost and time using current path cost model.
                                - Estimated information gain (number of UNKNOWN cells likely to be observed from that cell, constrained by sensor ranges).
                                Returned for debugging or to allow planner to participate in target selection.
                            </Description>
                        </Signal>
                    </Transmit>
                    <Receive>
                        <Signal>
                            <Name>PL_TravelTimeEstimates</Name>
                            <Description>
                                Helper interface from path planner used when FGM requests approximate costs to a set of frontier cells without computing full individual paths (e.g., multi-goal heuristics).
                                Encodes estimated traversal times by reusing path cost metric.
                            </Description>
                        </Signal>
                    </Receive>
                </ConnectedComponent>
            </ConnectedComponents>
            <Execution>
                Executed in two contexts:
                - On-demand: when MC_FrontierRequest is received within EXPLORE, FGM recomputes the frontier set (if stale) and selects a target.
                - Incremental maintenance: subscribed to grid-map classification-change notifications (CMP--3) and updates cached frontier set whenever a cell state changes from UNKNOWN to FREE or UNKNOWN to BLOCKED, to allow O(1) retrieval during MC_FrontierRequest.
                All operations occur inside the periodic control loop.
            </Execution>
            <Timing>
                - Frontier recomputation worst-case: scans 4x8 grid (32 cells) each time; negligible vs control loop period.
                - Target selection heuristic loops over at most N_frontiers &lt;= 32 candidates.
                - Triggered at most once per control loop for target selection; frontier set maintenance can occur multiple times per loop, but in practice limited by sensor update rate and smaller number of cell changes.
            </Timing>
            <Invariants>
                - Frontier set contains only UNKNOWN cells.
                - Each frontier cell has at least one 4-neighbor classified FREE.
                - Selected target always belongs to current frontier set and satisfies remaining-time constraint.
            </Invariants>
            <Failures>
                - No frontier cells available:
                  Trigger: FGM_FrontierSet empty.
                  Effect: FGM_SelectedTarget indicates no target; MC interprets this as exploration completion candidate. Exploration-status module will eventually publish EXPLORATION_COMPLETED based on map completeness.
                - Time-limit constraint violation:
                  Trigger: All frontier candidates have estimated travel time + mapping overhead &gt; RemainingTimeMs.
                  Effect: FGM_SelectedTarget reports no feasible targets; MC may continue short movements or immediately rely on exploration timeout event to transition to RETURN_TO_START.
            </Failures>
            <DerivedFrom>
                LL--MAP--1.1.1 LL--MAP--1.1.3 LL--MAP--1.1.4 LL--MAP--1.1.5 LL--MAP--1.1.6
                LL--MAP--1.3.1 LL--MAP--1.5.2 LL--MAP--1.5.3 LL--PLAN--1.1.1 LL--PLAN--1.1.2
            </DerivedFrom>
        </Component>

        <Component>
            <ID>CMP--3</ID>
            <Name>Grid Map Module</Name>
            <Purpose>
                Maintains the in-memory 4x8 grid map and associated wall segments, providing single-threaded access and update mechanisms:
                - Stores cell classification (UNKNOWN, FREE, BLOCKED) and wall segment classification (UNKNOWN, PRESENT, ABSENT).
                - Initializes map and start cell.
                - Provides query and update operations.
                - Emits classification-change notifications.
                - Provides map completeness boolean for exploration logic.
                - Enforces immutability rules for classifications within a mission.
                - Applies free cell confirmation and blocked cell inference based on traversal completion and wall observations.
            </Purpose>
            <ConnectedComponents>
                <ConnectedComponent>
                    <Identifier>CMP--6</Identifier>
                    <Transmit>
                        <Signal>
                            <Name>GM_MapData</Name>
                            <Description>
                                Map structure exposed to planning and exploration modules via interface functions:
                                - GetCellState(row, col).
                                - GetWallState(edgeIndex / (row, col, orientation)).
                                - GetNeighbors(row, col) considering map boundaries.
                            </Description>
                        </Signal>
                        <Signal>
                            <Name>GM_ClassificationChangeEvent</Name>
                            <Description>
                                Notification event issued when a cell or wall segment changes classification.
                                Contains:
                                - Type: {CELL, WALL}.
                                - Indices.
                                - PreviousState and NewState.
                                Consumed by frontier-generation, replanning, and other modules.
                            </Description>
                        </Signal>
                    </Transmit>
                    <Receive>
                        <Signal>
                            <Name>MM_MapUpdateRequest</Name>
                            <Description>
                                Update requests from mapping/wall detection module:
                                - Update wall segment classifications (PRESENT/ABSENT) on appropriate boundaries.
                                - Update cell classifications to FREE or BLOCKED.
                                Each request includes:
                                - Target indices.
                                - Requested new classification.
                                - Reason (e.g., "cell traversed without collision", "wall PRESENT between current and neighbor").
                            </Description>
                        </Signal>
                        <Signal>
                            <Name>CellCenterEntryEvent</Name>
                            <Description>
                                Event from Pose Estimation Module indicating that the robot has crossed from one cell center into an adjacent cell center.
                                Contains:
                                - fromCell (row,col),
                                - toCell (row,col),
                                - entryFace (direction of motion).
                                Used for free cell confirmation on the traversed-to cell.
                            </Description>
                        </Signal>
                        <Signal>
                            <Name>CollisionAndConsistencyInfo</Name>
                            <Description>
                                Summary input from Motion Control and Reliability modules indicating:
                                - Whether any collision or emergency stop occurred on the entry face during the transition.
                                - Whether sensor consistency checks report contradictory evidence for the traversed-to cell.
                            </Description>
                        </Signal>
                        <Signal>
                            <Name>WallObservation</Name>
                            <Description>
                                From Mapping and Wall Detection: observation that a wall segment between current cell and a neighbor is classified PRESENT (or ABSENT).
                                Contains:
                                - currentCell.
                                - neighborCell.
                                - wallOrientation.
                                - wallState (PRESENT or ABSENT).
                            </Description>
                        </Signal>
                    </Receive>
                </ConnectedComponent>
                <ConnectedComponent>
                    <Identifier>CMP--1</Identifier>
                    <Transmit>
                        <Signal>
                            <Name>GM_MapCompletenessFlag</Name>
                            <Description>
                                Boolean flag indicating whether map is complete:
                                - true: no cell or inter-cell wall segment remains UNKNOWN.
                                - false: otherwise.
                                Sampled by exploration-status module and mission control to decide exploration completion.
                            </Description>
                        </Signal>
                    </Transmit>
                    <Receive>
                        <Signal>
                            <Name>Init_Request</Name>
                            <Description>
                                Initialization trigger received at system startup to:
                                - Initialize all cells and wall segments to UNKNOWN.
                                - Designate the fixed start cell and set it to FREE.
                            </Description>
                        </Signal>
                    </Receive>
                </ConnectedComponent>
            </ConnectedComponents>
            <Execution>
                - Map initialization at startup:
                  1) Allocate cell array [4][8], initialize each cell state to UNKNOWN.
                  2) Allocate wall arrays for vertical and horizontal walls as per inter-cell wall indexing.
                  3) Mark designated start cell (e.g., (0,0)) as FREE and record start coordinate for return-to-start and second-run behaviors.
                - During each control loop:
                  1) Free cell confirmation (LL--MAP--1.4.3):
                     - On CellCenterEntryEvent from Pose Estimation:
                       * Identify toCell (row,col) and entryFace.
                       * If cell state of toCell is UNKNOWN and:
                         + MotionControlModule reports that the transition into toCell completed without collision or emergency stop on the entry face, and
                         + Reliability/consistency module indicates no contradictory evidence accumulated for that cell (i.e., sensor consistency checks do not show an established blocking wall or other conflict),
                       * Then perform cell state transition UNKNOWN-&gt;FREE for toCell and emit GM_ClassificationChangeEvent for that cell.
                  2) Blocked cell inference (LL--MAP--1.4.4):
                     - On WallObservation with wallState == PRESENT between currentCell and neighborCell:
                       * Update corresponding wall segment from UNKNOWN to PRESENT (if currently UNKNOWN) and emit GM_ClassificationChangeEvent for that wall.
                       * If neighborCell state is UNKNOWN:
                         - Infer neighborCell is BLOCKED due to PRESENT wall separating it from current cell.
                         - Set cell state UNKNOWN-&gt;BLOCKED for neighborCell and emit GM_ClassificationChangeEvent for that cell.
                       * If neighborCell already FREE/BLOCKED, leave classification unchanged (respect immutability).
                  3) Wall ABSENT updates:
                     - On WallObservation with wallState == ABSENT between two adjacent cells:
                       * If wall segment is UNKNOWN, set UNKNOWN-&gt;ABSENT and emit classification change event.
                       * If PRESENT/ABSENT already set, do not change (immutability).
                  4) Apply any explicit MM_MapUpdateRequest messages (e.g., additional FREE/ BLOCKED inferences) while enforcing allowed transitions:
                       * Cell: UNKNOWN -&gt; FREE or UNKNOWN -&gt; BLOCKED only.
                       * Wall: UNKNOWN -&gt; PRESENT or UNKNOWN -&gt; ABSENT only.
                  5) Trigger classification-change notifications for any changed entries.
                  6) Maintain counters of cells and walls with state UNKNOWN; update GM_MapCompletenessFlag to true when both counters reach zero.
            </Execution>
            <Timing>
                - All map operations are performed inside the control loop context (single-threaded), as required by LL--MAP--1.3.7.
                - Worst-case map operations (scanning 32 cells and associated walls) are bounded and fast relative to T.
                - Completeness flag may be recomputed incrementally using maintained counts to ensure O(1) behavior per update.
            </Timing>
            <Invariants>
                - Every cell state ∈ {UNKNOWN, FREE, BLOCKED}.
                - Every wall segment state ∈ {UNKNOWN, PRESENT, ABSENT}.
                - Cell state transitions:
                  * UNKNOWN -&gt; FREE (on successful traversal into cell with no collision and no contradictory evidence).
                  * UNKNOWN -&gt; BLOCKED (on inference from PRESENT wall between current and neighbor).
                  * No transition from FREE/BLOCKED back to UNKNOWN or between FREE and BLOCKED within a mission.
                - Wall state transitions:
                  * UNKNOWN -&gt; PRESENT or UNKNOWN -&gt; ABSENT based on wall observations.
                  * No transition from PRESENT to ABSENT or vice versa, and no revert to UNKNOWN, within a mission.
                - Free/Blocked cell transitions are driven by:
                  * MotionControlModule execution completion and CollisionAndConsistencyInfo for FREE.
                  * WallDetection/Mapping’s WallObservation for BLOCKED.
            </Invariants>
            <Failures>
                - Invalid classification transition:
                  Trigger: request to change from FREE/BLOCKED to another value or PRESENT/ABSENT to another value.
                  Handling: reject update and log diagnostic; preserve existing classification.
                - Out-of-range indices:
                  Trigger: requests referencing cells or walls outside 4x8 map.
                  Handling: discard update, log error.
            </Failures>
            <DerivedFrom>
                LL--MAP--1.3.1 LL--MAP--1.3.2 LL--MAP--1.3.3 LL--MAP--1.3.4 LL--MAP--1.3.5 LL--MAP--1.3.6
                LL--MAP--1.3.7 LL--MAP--1.4.1 LL--MAP--1.4.2 LL--MAP--1.4.3 LL--MAP--1.4.4
                LL--ENV--1.1.1 LL--ENV--1.4.1
            </DerivedFrom>
        </Component>

        <Component>
            <ID>CMP--4</ID>
            <Name>Path Planner</Name>
            <Purpose>
                Implements cell-based path planning on the 4x8 grid map:
                - Provides Dijkstra or A* search to compute paths between cells and goal regions.
                - Supports configurable traversal cost parameters for exploration and second run.
                - Handles multiple-goal planning for 2x2 goal regions.
                - Supports replanning on map updates that invalidate current paths.
                - Reports planning failures to mission control.
            </Purpose>
            <ConnectedComponents>
                <ConnectedComponent>
                    <Identifier>CMP--1</Identifier>
                    <Transmit>
                        <Signal>
                            <Name>PL_PathPlanningResponse</Name>
                            <Description>
                                Planning result for a given request:
                                - RequestID.
                                - Status: SUCCESS or specific failure.
                                - Path: ordered list of cells from start to selected goal.
                                - TotalCost and optionally EstimatedTimeMs (TotalCost transformed via cost-to-time mapping).
                            </Description>
                        </Signal>
                        <Signal>
                            <Name>PL_PlanningFailureEvent</Name>
                            <Description>
                                Simplified event to indicate no path exists given current map.
                                Used by mission control to trigger alternative behaviors.
                            </Description>
                        </Signal>
                    </Transmit>
                    <Receive>
                        <Signal>
                            <Name>MC_PathPlanningRequest</Name>
                            <Description>
                                Planning request specifying:
                                - Mode {EXPLORE, RETURN_TO_START, SECOND_RUN}.
                                - Start cell and goal specification (single cell or list of goal cells for goal region).
                                - Traversal cost parameters ID.
                                - Optional limit on max allowed cost.
                            </Description>
                        </Signal>
                    </Receive>
                </ConnectedComponent>
                <ConnectedComponent>
                    <Identifier>CMP--3</Identifier>
                    <Transmit>
                        <Signal>
                            <Name>PL_MapReadAccess</Name>
                            <Description>
                                Access to grid map functions:
                                - Query cell and wall states to build navigation graph.
                                - Implement 4-connected neighbors only between FREE cells not separated by PRESENT walls.
                            </Description>
                        </Signal>
                    </Transmit>
                    <Receive>
                        <Signal>
                            <Name>GM_ClassificationChangeEvent</Name>
                            <Description>
                                Planning invalidation hook:
                                - When map changes mark cells from UNKNOWN to BLOCKED or walls UNKNOWN-&gt;PRESENT that intersect current path, planner flags current path as invalid.
                                - Planner notifies mission control or motion control about invalidation.
                            </Description>
                        </Signal>
                    </Receive>
                </ConnectedComponent>
                <ConnectedComponent>
                    <Identifier>CMP--5</Identifier>
                    <Transmit>
                        <Signal>
                            <Name>PL_GoalRegionCostInfo</Name>
                            <Description>
                                Intermediate data shared with goal-region selection:
                                - For each 2x2 FREE candidate region, path cost from start to each cell.
                            </Description>
                        </Signal>
                    </Transmit>
                    <Receive>
                        <Signal>
                            <Name>GR_GoalCells</Name>
                            <Description>
                                For second run, planner receives the selected goal region cells from goal-region selection module.
                            </Description>
                        </Signal>
                    </Receive>
                </ConnectedComponent>
            </ConnectedComponents>
            <Execution>
                - On each planning request:
                  1) Build search graph implicitly using grid map cell states and wall states.
                  2) Apply Dijkstra or A* depending on configuration:
                     - Node = FREE cell.
                     - Edge exists for orthogonally adjacent FREE cells if there is no PRESENT wall between them.
                     - Edge cost determined from traversal cost model (straight and turn penalties).
                  3) For goal regions, treat each FREE goal cell as a possible terminal node; run multi-goal search or run algorithm once until all goals discovered.
                  4) On success, reconstruct path and compute total cost.
                  5) Map cost to time estimate using nominal cell traversal duration for derived heuristics.
                  6) Return PL_PathPlanningResponse.
                - Replanning:
                  - When GM_ClassificationChangeEvent arrives and current path intersects newly BLOCKED or wall PRESENT segments, invalidate current path and notify mission control.
            </Execution>
            <Timing>
                - Path planning executed within control loop but may be limited to one planning run per loop.
                - With 32 cells, worst-case Dijkstra/A* is small; implementation must ensure worst-case search finishes within T, or planning can span multiple loops with incremental expansion.
                - Replanning triggered only when path invalidation occurs to avoid unnecessary computations.
            </Timing>
            <Invariants>
                - No path includes BLOCKED cells or crosses PRESENT walls.
                - Edge costs are non-negative.
                - Returned path cost is minimal given the traversal cost model.
            </Invariants>
            <Failures>
                - No path found:
                  Trigger: search exhausts all reachable cells without reaching any goal.
                  Effect: PL_PathPlanningResponse with Status=FAILURE_NO_PATH; mission control handles this (e.g., abort or alternative behavior).
                - Map inconsistent during planning:
                  Trigger: map changes while planning in progress.
                  Handling: either lock snapshot of map per planning run or restart planning with new map; only consistent snapshots used for final paths.
            </Failures>
            <DerivedFrom>
                LL--PLAN--1.1.1 LL--PLAN--1.1.2 LL--PLAN--1.1.3 LL--PLAN--1.1.4 LL--PLAN--1.1.5
                LL--MAP--1.3.1 LL--MAP--1.4.1 LL--MAP--1.4.2 LL--ENV--3.1.2
                LL--RUN--1.1.1 LL--RUN--1.2.2
            </DerivedFrom>
        </Component>

        <Component>
            <ID>CMP--5</ID>
            <Name>Goal Region Identification and Selection</Name>
            <Purpose>
                Determining and selecting the 2x2 goal region after exploration:
                - Identifies all candidate 2x2 regions composed entirely of FREE cells and reachable from start.
                - Requests path costs to each candidate from path planner.
                - Selects region with minimal optimal path cost.
                - Exposes chosen region to second-run planning and mission control.
            </Purpose>
            <ConnectedComponents>
                <ConnectedComponent>
                    <Identifier>CMP--3</Identifier>
                    <Transmit>
                        <Signal>
                            <Name>GR_CandidateRegions</Name>
                            <Description>
                                List of candidate 2x2 FREE regions:
                                - Each candidate: 4 cell indices (row, col) representing the region.
                                - Mark if reachable from start (using info from path planner or BFS).
                            </Description>
                        </Signal>
                    </Transmit>
                    <Receive>
                        <Signal>
                            <Name>GM_MapSnapshot</Name>
                            <Description>
                                Read-only snapshot of FREE/BLOCKED cell states to enumerate all 2x2 blocks and check classification.
                            </Description>
                        </Signal>
                    </Receive>
                </ConnectedComponent>
                <ConnectedComponent>
                    <Identifier>CMP--4</Identifier>
                    <Transmit>
                        <Signal>
                            <Name>GR_GoalRegionSelection</Name>
                            <Description>
                                Selected goal region:
                                - Set of up to four FREE goal cells.
                                - Region ID and path cost.
                                Provided to planner for second-run fastest path computation.
                            </Description>
                        </Signal>
                    </Transmit>
                    <Receive>
                        <Signal>
                            <Name>PL_GoalRegionCostInfo</Name>
                            <Description>
                                For each candidate region, cost of cheapest path from start cell to any of its 4 cells, using the traversal cost metric.
                            </Description>
                        </Signal>
                    </Receive>
                </ConnectedComponent>
                <ConnectedComponent>
                    <Identifier>CMP--1</Identifier>
                    <Transmit>
                        <Signal>
                            <Name>GR_SelectedGoalRegionInfo</Name>
                            <Description>
                                Goal region exported to mission control for use in SECOND_RUN:
                                - Region cells.
                                - Chosen target goal cell (may be the one with minimum path cost).
                            </Description>
                        </Signal>
                    </Transmit>
                    <Receive>
                        <Signal>
                            <Name>ExplorationCompletedTrigger</Name>
                            <Description>
                                Event from exploration-status/mission control indicating exploration is complete and goal region identification should execute exactly once.
                            </Description>
                        </Signal>
                    </Receive>
                </ConnectedComponent>
            </ConnectedComponents>
            <Execution>
                - On exploration completion:
                  1) Obtain map snapshot from grid map.
                  2) Enumerate all possible 2x2 blocks; for each, check all four cells are FREE.
                  3) For each all-FREE block, request path costs via path planner from start to each of the four cells.
                  4) Filter out non-reachable candidates (no path).
                  5) Select candidate whose minimal path cost is smallest.
                  6) Store and publish selected region.
            </Execution>
            <Timing>
                - Executed once after map completion detection.
                - With at most (3*7)=21 possible 2x2 blocks and 32 cells, enumeration and cost queries are trivial; must fit within several control loop cycles.
            </Timing>
            <Invariants>
                - Selected goal region, if any, is reachable from start.
                - Selected region cost is minimal among reachable candidate regions based on traversal cost metric.
            </Invariants>
            <Failures>
                - No 2x2 FREE reachable region:
                  Trigger: enumeration yields no candidate that is all FREE and reachable.
                  Effect: report failure condition to mission control; second run may be disabled or alternative criteria used (e.g., single goal cell).
            </Failures>
            <DerivedFrom>
                LL--ENV--3.1.1 LL--ENV--3.1.2 LL--PLAN--1.1.3 LL--PLAN--1.1.2 LL--MAP--1.4.1 LL--RUN--1.2.2
            </DerivedFrom>
        </Component>

        <Component>
            <ID>CMP--6</ID>
            <Name>Mapping and Wall Detection Module</Name>
            <Purpose>
                Uses processed sensor data and pose estimation to update grid map cells and walls:
                - Interprets ultrasonic and infrared readings to detect front and side walls with uncertainty and hysteresis.
                - Executes wall proximity thresholding with hysteresis on ultrasonic data.
                - Generates collision avoidance triggers when trajectory intersects imminent walls.
                - Applies free cell confirmation and blocked cell inference rules by generating appropriate update requests.
                - Issues map update requests to grid map.
            </Purpose>
            <ConnectedComponents>
                <ConnectedComponent>
                    <Identifier>CMP--3</Identifier>
                    <Transmit>
                        <Signal>
                            <Name>MM_MapUpdateRequest</Name>
                            <Description>
                                Requests to grid map:
                                - Update wall segment classifications (PRESENT/ABSENT) on appropriate boundaries.
                                - Update cell classifications to FREE or BLOCKED.
                                These requests are limited to UNKNOWN-&gt;FREE/BLOCKED for cells and UNKNOWN-&gt;PRESENT/ABSENT for walls; they never attempt to override established non-UNKNOWN classifications.
                            </Description>
                        </Signal>
                    </Transmit>
                    <Receive>
                        <Signal>
                            <Name>GM_CellAndWallStates</Name>
                            <Description>
                                Current classification around robot:
                                - State of current cell, neighboring cells, and relevant walls.
                                Used for consistent updates and blocked cell inference.
                            </Description>
                        </Signal>
                    </Receive>
                </ConnectedComponent>
                <ConnectedComponent>
                    <Identifier>CMP--8</Identifier>
                    <Transmit>
                        <Signal>
                            <Name>MM_WallDetectionResult</Name>
                            <Description>
                                Interpreted wall detections relative to current cell:
                                - Flags for front, left, right wall presence.
                                - Estimated wall distances (with uncertainty intervals) in maze coordinates.
                                Used by motion control for avoidance and by pose correction.
                            </Description>
                        </Signal>
                        <Signal>
                            <Name>MM_CollisionRiskEvent</Name>
                            <Description>
                                Event raised if predicted trajectory intersects a wall within one cell length, triggering avoidance maneuvers in motion control.
                            </Description>
                        </Signal>
                    </Transmit>
                    <Receive>
                        <Signal>
                            <Name>SAL_FilteredSensorData</Name>
                            <Description>
                                Filtered sensor data from sensor abstraction and filtering:
                                - Ultrasonic: (distance_cm, timestamp).
                                - IR: left_flag, right_flag, timestamp.
                                All invalid or out-of-range readings already sanitized.
                            </Description>
                        </Signal>
                        <Signal>
                            <Name>PoseEstimate</Name>
                            <Description>
                                Discrete pose estimate with cell-centered position and heading, plus flag indicating:
                                - AtCellCenter or InTransitionBetweenCells.
                                Used to decide when to update particular walls and cells.
                            </Description>
                        </Signal>
                    </Receive>
                </ConnectedComponent>
            </ConnectedComponents>
            <Execution>
                Per control loop:
                1) Read filtered, validated sensor measurements and current pose.
                2) If pose aligned to maze axes within tolerance and at/near cell center:
                   - Use ultrasonic reading to check for front wall:
                     * Compute measurement interval [d-12, d+12] cm.
                     * Compute expected robot-center-to-wall distance interval (based on cell size 17.2 cm and robot radius 5.5 cm, plus wall thickness).
                     * If intervals intersect and past hysteresis thresholds confirm stable detection, generate MM_MapUpdateRequest to set the corresponding front wall PRESENT (if currently UNKNOWN).
                   - Use IR readings:
                     * If left_flag or right_flag active and pose heading within 10° tolerance, infer side wall presence:
                       - Account for 25° sensor mounting angle and 4 cm effective range and project to wall location on left/right boundary of current cell.
                       - Generate MM_MapUpdateRequest to set corresponding lateral walls PRESENT (if currently UNKNOWN).
                3) If robot transitions between cell centers without collisions:
                   - Based on PoseEstimate and Motion Control feedback, generate MM_MapUpdateRequest to confirm FREE cells using the rule:
                     * When transition into a new cell is successfully completed with no detected collision on entry face, and Reliability/consistency checks report no contradictory evidence for that cell, request UNKNOWN-&gt;FREE transition for that cell.
                4) Apply wall proximity thresholding:
                   - Use configurable upper/lower thresholds on filtered ultrasonic distance to determine wall vs free.
                   - Maintain hysteresis state per direction to avoid flip-flopping.
                5) Blocked cell inference:
                   - For any wall detected PRESENT between current and neighbor cell (via detection logic in step 2), generate MM_MapUpdateRequest to:
                     * Set wall UNKNOWN-&gt;PRESENT (if still UNKNOWN).
                     * Infer neighbor cell BLOCKED if it is UNKNOWN, by requesting UNKNOWN-&gt;BLOCKED in GridMapModule.
                6) Issue map update requests accordingly.
                7) Consistency handling:
                   - For cells and walls with state UNKNOWN:
                     * Use N consecutive consistent readings (from ReliabilityModule) before issuing an MM_MapUpdateRequest to classify them.
                   - For cells or walls already classified (FREE/BLOCKED or PRESENT/ABSENT):
                     * Any contradictory sensor observation is treated as sensor error only; MM_MapUpdateRequest is not issued for changes that would violate immutability.
            </Execution>
            <Timing>
                - Invoked once per control loop after sensor filtering, before grid-map updates are applied.
                - Computations are simple algebra and local reasoning around at most a few walls; must complete within T.
            </Timing>
            <Invariants>
                - Free cell confirmation only after successful traversal without collision and no conflicting evidence requiring N consecutive contradictions.
                - Blocked cell inference always consistent with wall segment state PRESENT.
                - For map entries already classified (non-UNKNOWN), mapping never requests a new classification that would change FREE↔BLOCKED or PRESENT↔ABSENT.
            </Invariants>
            <Failures>
                - Conflicting sensor data vs map:
                  Trigger: new sensor readings indicate a wall where map indicates FREE or ABSENT, or free space where map indicates PRESENT, but map entries are no longer UNKNOWN.
                  Handling: flagged as potential sensor error; map left unchanged; N consecutive reading counters may be tracked only for UNKNOWN entries; immutability preserved.
                - Pose misalignment &gt; tolerance:
                  Trigger: robot heading deviates &gt;10° from maze axes.
                  Effect: IR-based side wall inference suppressed until pose is corrected.
            </Failures>
            <DerivedFrom>
                LL--MAP--1.2.1 LL--MAP--1.2.2 LL--MAP--1.2.3 LL--MAP--1.2.4
                LL--MAP--1.3.2 LL--MAP--1.4.3 LL--MAP--1.4.4
                LL--RELIAB--1.2.1 LL--RELIAB--1.2.2
                LL--INTERF--2.3.1 LL--INTERF--3.3.1 LL--INTERF--3.4.1
                LL--ENV--1.2.1 LL--ENV--1.3.1 LL--HARDWARE--1.1.1
            </DerivedFrom>
        </Component>

        <Component>
            <ID>CMP--7</ID>
            <Name>Sensor Abstraction and Filtering Layer</Name>
            <Purpose>
                Wraps raw sensor APIs and provides normalized, filtered sensor data:
                - Calls ultrasonic_get_distance and IR status functions at control loop frequency.
                - Detects and handles invalid/out-of-range sensor readings.
                - Applies temporal filtering (moving average/median) to reduce noise.
                - Provides unified ultrasonic and IR measurement structures to mapping and reliability modules.
            </Purpose>
            <ConnectedComponents>
                <ConnectedComponent>
                    <Identifier>CMP--10</Identifier>
                    <Transmit>
                        <Signal>
                            <Name>SAL_SampledSensorData</Name>
                            <Description>
                                Raw per-cycle data from sensors:
                                - Ultrasonic distance (float cm).
                                - IR left/right flags (uint8_t to boolean).
                                - Timestamps.
                                Provided immediately after acquisition to filtering logic.
                            </Description>
                        </Signal>
                    </Transmit>
                    <Receive>
                        <Signal>
                            <Name>Sched_ControlLoopTick</Name>
                            <Description>
                                Tick from scheduler at frequency matching configured sensor sampling rate.
                                Used to ensure one sampling per iteration and enforce jitter constraints.
                            </Description>
                        </Signal>
                    </Receive>
                </ConnectedComponent>
                <ConnectedComponent>
                    <Identifier>CMP--6</Identifier>
                    <Transmit>
                        <Signal>
                            <Name>SAL_FilteredSensorData</Name>
                            <Description>
                                Normalized and filtered sensor data:
                                - Ultrasonic: (filteredDistance_cm, timestamp).
                                - IR: (filteredLeftFlag, filteredRightFlag, timestamp).
                                Filtering uses configured sampling rate (10–50 Hz, default 20 Hz) and temporal filtering method.
                            </Description>
                        </Signal>
                        <Signal>
                            <Name>SensorAvailabilityStatus</Name>
                            <Description>
                                Boolean flag indicating that at least one valid (non-invalid) ultrasonic distance and both IR readings have been successfully acquired at least once since mission start.
                                Used by mission control to determine exploration start condition.
                            </Description>
                        </Signal>
                    </Transmit>
                    <Receive>
                        <Signal>
                            <Name>RawUltrasonicApi</Name>
                            <Description>
                                Interface to ultrasonic_get_distance(), returning raw float distance or specific error/saturation codes.
                                SAL is responsible for interpreting invalid codes.
                            </Description>
                        </Signal>
                        <Signal>
                            <Name>RawIrApi</Name>
                            <Description>
                                Interfaces to infrared_get_dsl_status() and infrared_get_dsr_status().
                                Returns uint8_t for each sensor interpreted as binary detection flags.
                            </Description>
                        </Signal>
                    </Receive>
                </ConnectedComponent>
            </ConnectedComponents>
            <Execution>
                Per control loop:
                1) On Sched_ControlLoopTick, call ultrasonic_get_distance(), infrared_get_dsl_status(), infrared_get_dsr_status().
                2) Check for invalid values (negative distances, NaN, saturation codes):
                   - Replace invalid ultrasonic values with "no obstacle" default (e.g., beyond maze size plus uncertainty) and mark as invalid for mapping decisions.
                   - IR invalid values treated as no obstacle or flagged per configuration.
                3) Push readings into fixed-length buffers (size determined by filter window) and compute filtered values (moving average or median).
                4) Compose normalized structures with filtered values and current timestamp.
                5) Update SensorAvailabilityStatus if all required sensors have delivered at least one valid reading.
            </Execution>
            <Timing>
                - Sampling exactly once per control loop iteration, at frequency in [10, 50] Hz.
                - Timing jitter limited by scheduler; SAL must not introduce additional variability.
                - Filtering operations O(windowSize) with small window sizes (e.g., 3–5 samples).
            </Timing>
            <Invariants>
                - SAL never forwards raw invalid values to mapping or planning modules.
                - Filtered data is always defined (either from valid readings or safe defaults).
            </Invariants>
            <Failures>
                - Persistent invalid ultrasonic reading:
                  Handling: maintain default "no obstacle" reading while flagging sensor degradation; mapping may rely more heavily on IR or map data.
                - Loss of IR data:
                  Handling: treat IR as inactive (no obstacle) but rely on ultrasonic and map to avoid collisions; log error.
            </Failures>
            <DerivedFrom>
                LL--INTERF--1.1.1 LL--INTERF--1.1.2 LL--INTERF--2.1.1 LL--INTERF--3.1.1
                LL--RELIAB--1.2.1 LL--MAP--1.1.2
            </DerivedFrom>
        </Component>

        <Component>
            <ID>CMP--8</ID>
            <Name>Motion Control and Collision Avoidance</Name>
            <Purpose>
                Converts high-level path and motion primitives into motor_set commands with safety:
                - Executes cell-center motion primitives based on differential drive kinematics and cell geometry.
                - Enforces speed limitations, rate limiting, and emergency stop behavior.
                - Performs wall avoidance maneuvers when mapping reports imminent collisions.
                - Supports different speed profiles for exploration, return-to-start, and second run.
            </Purpose>
            <ConnectedComponents>
                <ConnectedComponent>
                    <Identifier>CMP--4</Identifier>
                    <Transmit>
                        <Signal>
                            <Name>MC_PathExecutionStatus</Name>
                            <Description>
                                Status of path execution:
                                - For return-to-start: RUNNING, REACHED_START, PATH_INVALID, COLLISION_ABORTED.
                                - For second run: RUNNING, SUCCESS_REACHED_GOAL, COLLISION_ABORTED.
                            </Description>
                        </Signal>
                    </Transmit>
                    <Receive>
                        <Signal>
                            <Name>MC_MotionCommand</Name>
                            <Description>
                                High-level motion instruction from mission control including:
                                - Path (sequence of cells) or next cell target.
                                - Speed profile.
                                - Safety constraints.
                            </Description>
                        </Signal>
                    </Receive>
                </ConnectedComponent>
                <ConnectedComponent>
                    <Identifier>CMP--7</Identifier>
                    <Transmit>
                        <Signal>
                            <Name>EM_StopCommand</Name>
                            <Description>
                                Conceptual signal representing invocation of motor_set(0,0) when emergency conditions occur.
                                After issuance, Motion Control enters emergency_stopped internal state.
                            </Description>
                        </Signal>
                    </Transmit>
                    <Receive>
                        <Signal>
                            <Name>SAL_FilteredSensorData</Name>
                            <Description>
                                Used to monitor distance to obstacles for emergency-stop decisions based on configured emergency threshold and stopping distance.
                            </Description>
                        </Signal>
                    </Receive>
                </ConnectedComponent>
                <ConnectedComponent>
                    <Identifier>CMP--10</Identifier>
                    <Transmit>
                        <Signal>
                            <Name>Motion_MotorCommand</Name>
                            <Description>
                                Invocation of motor_set(left_speed, right_speed) with speeds in [0,100].
                                Enforced to be at most once per control loop, respecting rate limiting on speed increments.
                            </Description>
                        </Signal>
                    </Transmit>
                    <Receive>
                        <Signal>
                            <Name>Sched_ControlLoopTick</Name>
                            <Description>
                                Ensures motor commands are synchronized with control loop period T and updates internal timers for motion primitive durations.
                            </Description>
                        </Signal>
                    </Receive>
                </ConnectedComponent>
                <ConnectedComponent>
                    <Identifier>CMP--6</Identifier>
                    <Transmit>
                        <Signal>
                            <Name>Motion_AvoidanceStatus</Name>
                            <Description>
                                Notifies mapping/mission control when avoidance maneuvers are in progress or completed.
                            </Description>
                        </Signal>
                    </Transmit>
                    <Receive>
                        <Signal>
                            <Name>MM_WallDetectionResult</Name>
                            <Description>
                                Used to predict trajectory-wall intersections within one cell length and trigger avoidance maneuvers before collision.
                            </Description>
                        </Signal>
                        <Signal>
                            <Name>MM_CollisionRiskEvent</Name>
                            <Description>
                                Direct event indicating imminent collision within one cell length; triggers avoidance or emergency stop.
                            </Description>
                        </Signal>
                    </Receive>
                </ConnectedComponent>
            </ConnectedComponents>
            <Execution>
                Internal modes:
                - NORMAL: executing commanded motion primitives.
                - AVOIDANCE: executing a short avoidance maneuver derived from wall detections.
                - EMERGENCY_STOPPED: motors at 0 after emergency stop; no movement resumed until new safe motion command accepted.

                Per control loop:
                1) Read current MC_MotionCommand (if any new), SAL_FilteredSensorData, and MM_WallDetectionResult.
                   - If in EMERGENCY_STOPPED and no new MC_MotionCommand received that has been deemed safe by mission control (e.g., new planned trajectory):
                     * Do not advance any primitive and keep motor_set(0,0); remain in EMERGENCY_STOPPED.
                2) Emergency-stop check (only when not already in EMERGENCY_STOPPED):
                   - If any sensor indicates obstacle closer than emergency threshold &lt; nominal stopping distance (based on current speed and uncertainty):
                     * Immediately call motor_set(0,0).
                     * Set internal state to EMERGENCY_STOPPED.
                     * Do not resume movement until a new safe MC_MotionCommand is received from Mission Control and explicitly accepted (resetting state to NORMAL).
                     * Report path execution aborted and raise EmergencyStopEvent.
                3) Else if MM_CollisionRiskEvent raised (and not in EMERGENCY_STOPPED):
                   - Plan short avoidance maneuver (e.g., stop + in-place turn, or arc turn) such that:
                     * Robot footprint plus clearance M does not intersect any wall.
                     * Maneuver maintains or restores progress towards mission goal.
                   - Transition to AVOIDANCE mode to execute this maneuver.
                4) If executing a cell-center motion primitive in NORMAL or AVOIDANCE:
                   - Use differential drive kinematics with control-loop period to incrementally move between cell centers or rotate to discrete headings.
                   - Enforce speed limits:
                     * ExplorationSpeed &lt;= MaxSafeSpeedExploration.
                     * SecondRunSpeed &lt;= MaxSafeSpeedSecondRun &lt; hardware limit and derived from safety constraints.
                5) Before calling motor_set:
                   - Apply rate limiting to speed increments between consecutive cycles, unless in the specific emergency-stop action where immediate reduction to 0 is allowed by safety requirement.
                6) Issue one motor_set per cycle with computed speeds (or (0,0) in EMERGENCY_STOPPED).
            </Execution>
            <Timing>
                - Called once per control loop after mission control and path planning decisions.
                - Kinematic integration and collision checks use current T or measured cycle duration.
                - Emergency stop and avoidance decisions must be computed within one loop so that robot can stop within safe distance given sampling rate and uncertainties.
            </Timing>
            <Invariants>
                - Rate of change of motor_set speeds per control cycle does not exceed configured maximum per wheel, except in the special case of emergency stop where immediate deceleration to 0 is required.
                - Commanded speeds never exceed configured safety maximum computed from sampling rate, emergency distance threshold, and ultrasonic uncertainty.
                - Following an EmergencyStopEvent (transition to EMERGENCY_STOPPED), motor speeds remain at 0 and no motion primitives are advanced until a new MC_MotionCommand representing a safe trajectory is received and accepted, at which point internal state leaves EMERGENCY_STOPPED.
            </Invariants>
            <Failures>
                - Emergency stop:
                  Trigger: obstacle detected within emergency distance.
                  Effect: immediate motor_set(0,0); path execution aborted; MC_PathExecutionStatus updated accordingly; internal state EMERGENCY_STOPPED persists until new safe command.
                - Inability to find avoidance maneuver:
                  Trigger: all nearby configurations violate minimum clearance M.
                  Effect: stay stopped, report failure and rely on higher-level replanning or manual recovery.
            </Failures>
            <DerivedFrom>
                LL--MAP--1.2.4
                LL--RUN--1.1.2 LL--RUN--1.2.3
                LL--INTERF--1.2.1 LL--INTERF--1.2.2
                LL--HARDWARE--2.1.1 LL--HARDWARE--2.1.2 LL--HARDWARE--2.3.1
                LL--RELIAB--1.1.1 LL--RELIAB--1.1.2
            </DerivedFrom>
        </Component>

        <Component>
            <ID>CMP--9</ID>
            <Name>Pose Estimation Module</Name>
            <Purpose>
                Maintains discrete cell-level pose estimate:
                - Integrates differential drive kinematics over control loop periods.
                - Estimates current cell index (row, col) and discrete heading aligned with maze axes.
                - Corrects accumulated errors using detected walls and alignment.
                - Detects transitions between cell centers and notifies mapping module.
            </Purpose>
            <ConnectedComponents>
                <ConnectedComponent>
                    <Identifier>CMP--10</Identifier>
                    <Transmit>
                        <Signal>
                            <Name>PoseEstimate</Name>
                            <Description>
                                Current pose estimate including:
                                - Cell indices (row, col).
                                - Discrete heading index ∈ {NORTH, EAST, SOUTH, WEST}.
                                - Continuous pose (x,y,θ) in maze frame if needed.
                            </Description>
                        </Signal>
                        <Signal>
                            <Name>CellCenterEntryEvent</Name>
                            <Description>
                                Event fired when pose crosses from one cell center to an adjacent cell center.
                                Contains new cell index and direction of motion.
                            </Description>
                        </Signal>
                    </Transmit>
                    <Receive>
                        <Signal>
                            <Name>Sched_ControlLoopTick</Name>
                            <Description>
                                Provides duration T or measured cycle duration used for integration of motor commands.
                            </Description>
                        </Signal>
                    </Receive>
                </ConnectedComponent>
                <ConnectedComponent>
                    <Identifier>CMP--8</Identifier>
                    <Transmit>
                        <Signal>
                            <Name>PoseForMotionControl</Name>
                            <Description>
                                Detail of continuous pose and heading used by motion control to determine progress along primitives.
                            </Description>
                        </Signal>
                    </Transmit>
                    <Receive>
                        <Signal>
                            <Name>MotionCommandedSpeeds</Name>
                            <Description>
                                Last-issued motor_set speeds for left and right wheels; used to integrate motion via kinematics.
                            </Description>
                        </Signal>
                    </Receive>
                </ConnectedComponent>
                <ConnectedComponent>
                    <Identifier>CMP--6</Identifier>
                    <Transmit>
                        <Signal>
                            <Name>PoseAlignedFlag</Name>
                            <Description>
                                Flag to mapping indicating when pose has been snapped to maze axes and is reliable for wall mapping decisions.
                            </Description>
                        </Signal>
                    </Transmit>
                    <Receive>
                        <Signal>
                            <Name>MM_WallDetectionResult</Name>
                            <Description>
                                Used to correct pose when walls indicate proximity to known cell boundaries; align orientation and position to nearest consistent cell center.
                            </Description>
                        </Signal>
                    </Receive>
                </ConnectedComponent>
            </ConnectedComponents>
            <Execution>
                Per control loop:
                1) Use last cycle's motor speed commands and loop duration T to integrate differential drive kinematics:
                   - Update continuous pose (x,y,θ).
                2) Map continuous pose to discrete cell indices using grid coordinate system and cell dimension 17.2 cm.
                3) If near theoretical cell center and heading near axis-aligned directions:
                   - Snap heading to nearest axis orientation.
                   - Snap position to nearest cell center consistent with wall locations.
                4) Detect cell center transitions by comparing previous and current discrete cell indices.
                   - Emit CellCenterEntryEvent when crossing occurs.
                5) Provide PoseEstimate to consumers.
            </Execution>
            <Timing>
                - Updates once per control loop after motion command is known.
                - Needs to complete before mapping and mission control use updated pose.
            </Timing>
            <Invariants>
                - Discrete heading always one of four axis-aligned states.
                - PoseEstimate always maps to a valid cell within [0..3][0..7].
            </Invariants>
            <Failures>
                - Large discrepancy between pose and walls:
                  Handling: if no consistent cell center matches wall observations, keep last valid discrete pose and flag degraded pose quality for mapping.
            </Failures>
            <DerivedFrom>
                LL--POSE--1.1.1 LL--POSE--1.1.2 LL--POSE--1.1.3
                LL--HARDWARE--2.1.1 LL--ENV--1.1.1 LL--ENV--1.2.1
                LL--MAP--1.3.2 LL--MAP--1.2.1 LL--MAP--1.2.2
            </DerivedFrom>
        </Component>

        <Component>
            <ID>CMP--10</ID>
            <Name>Scheduler and Initialization</Name>
            <Purpose>
                Provides main control loop timing and initialization signaling:
                - Implements periodic control loop at configurable period T.
                - Coordinates execution order: sensor sampling, map update, mission control, planning, motion control.
                - After init, raises INIT_COMPLETED indication.
                - Ensures sensor sampling rate equals control loop frequency.
            </Purpose>
            <ConnectedComponents>
                <ConnectedComponent>
                    <Identifier>CMP--7</Identifier>
                    <Transmit>
                        <Signal>
                            <Name>Sched_ControlLoopTick</Name>
                            <Description>
                                Clock tick for each control loop iteration:
                                - Used by SAL, motion control, pose estimation to advance state.
                            </Description>
                        </Signal>
                    </Transmit>
                    <Receive>
                        <Signal>
                            <Name>SAL_Config</Name>
                            <Description>
                                Configuration of sampling rate within [10, 50] Hz, default 20 Hz, used to determine T.
                            </Description>
                        </Signal>
                    </Receive>
                </ConnectedComponent>
                <ConnectedComponent>
                    <Identifier>CMP--1</Identifier>
                    <Transmit>
                        <Signal>
                            <Name>InitCompletedFlag</Name>
                            <Description>
                                Binary flag/event set after all hardware and software initialization routines have been executed successfully.
                                Mission control reads this to leave IDLE state.
                            </Description>
                        </Signal>
                    </Transmit>
                    <Receive>
                        <Signal>
                            <Name>HardwareInitStatus</Name>
                            <Description>
                                Results of hardware initialization routines.
                            </Description>
                        </Signal>
                    </Receive>
                </ConnectedComponent>
            </ConnectedComponents>
            <Execution>
                - At startup:
                  1) Run hardware and software initialization routines.
                  2) Initialize grid map, pose, sensors, motion control configurations.
                  3) Set INIT_COMPLETED flag.
                - Periodic control loop (every T):
                  1) Emit Sched_ControlLoopTick.
                  2) Acquire sensor readings via SAL.
                  3) Update grid map via mapping and map module.
                  4) Update mission control state machine.
                  5) Trigger path planning for active state.
                  6) Execute motion control (issuing motor_set once per loop).
            </Execution>
            <Timing>
                - Control loop frequency equals configured sampling rate.
                - Jitter bounds derived from LL--RELIAB--1.2.1 must be met; scheduler ensures stable T.
            </Timing>
            <Invariants>
                - Exactly one pass through the ordered steps per control loop iteration.
                - No concurrent execution of map access functions (single-threaded model).
            </Invariants>
            <Failures>
                - Failure in initialization step:
                  Effect: INIT_COMPLETED not set; mission control remains in IDLE, robot not moving.
                - Timer overrun:
                  If a loop iteration exceeds T, scheduler records overrun and may extend next period or skip non-critical tasks like logging.
            </Failures>
            <DerivedFrom>
                LL--SCHED--1.1.1 LL--INIT--1.1.1 LL--INTERF--1.1.1 LL--INTERF--1.2.1
            </DerivedFrom>
        </Component>

        <Component>
            <ID>CMP--11</ID>
            <Name>Exploration Status and Time Limit Module</Name>
            <Purpose>
                Monitors map completeness and exploration time to emit exploration status events:
                - Tracks elapsed exploration time.
                - Checks grid map completeness flag.
                - Emits EXPLORATION_COMPLETED or EXPLORATION_TIMEOUT events via system event queue.
                - Provides remaining exploration time to time-aware planning.
            </Purpose>
            <ConnectedComponents>
                <ConnectedComponent>
                    <Identifier>CMP--3</Identifier>
                    <Transmit>
                        <Signal>
                            <Name>ES_MapCompletenessQuery</Name>
                            <Description>
                                Query of boolean map complete flag each control loop or at configured intervals.
                            </Description>
                        </Signal>
                    </Transmit>
                    <Receive>
                        <Signal>
                            <Name>GM_MapCompletenessFlag</Name>
                            <Description>
                                Boolean indicating whether map is complete.
                            </Description>
                        </Signal>
                    </Receive>
                </ConnectedComponent>
                <ConnectedComponent>
                    <Identifier>CMP--1</Identifier>
                    <Transmit>
                        <Signal>
                            <Name>ExplorationEvents</Name>
                            <Description>
                                Queue entries created when:
                                - Map completeness changes from false to true (EXPLORATION_COMPLETED).
                                - Elapsed exploration time exceeds 5 minutes (EXPLORATION_TIMEOUT).
                            </Description>
                        </Signal>
                        <Signal>
                            <Name>RemainingExplorationTimeInfo</Name>
                            <Description>
                                ElapsedTimeMs and RemainingTimeMs (5 min - ElapsedTimeMs) available to mission control and exploration modules.
                            </Description>
                        </Signal>
                    </Transmit>
                    <Receive>
                        <Signal>
                            <Name>MC_StateBroadcast</Name>
                            <Description>
                                Used to identify when EXPLORE starts/stops for time tracking (elapsed time measured only while in exploration phase or from exploration start as defined).
                            </Description>
                        </Signal>
                    </Receive>
                </ConnectedComponent>
                <ConnectedComponent>
                    <Identifier>CMP--2</Identifier>
                    <Transmit>
                        <Signal>
                            <Name>TimeAwarePlanningInfo</Name>
                            <Description>
                                Remaining exploration time and nominal cell traversal duration parameter exposed for frontier target selection.
                            </Description>
                        </Signal>
                    </Transmit>
                    <Receive>
                        <Signal>
                            <Name>NominalTraversalParam</Name>
                            <Description>
                                Configurable parameter (ms per cell) used to convert path steps into estimated traversal times.
                            </Description>
                        </Signal>
                    </Receive>
                </ConnectedComponent>
            </ConnectedComponents>
            <Execution>
                - On entering EXPLORE:
                  - Record exploration start time (mission time).
                - Each control loop:
                  1) Compute elapsed exploration time from start time.
                  2) If elapsed &gt;= 5 minutes:
                     - Emit EXPLORATION_TIMEOUT event exactly once.
                  3) If GM_MapCompletenessFlag is true and not yet signaled:
                     - Emit EXPLORATION_COMPLETED event exactly once.
                  4) Update RemainingExplorationTimeInfo for other modules.
            </Execution>
            <Timing>
                - Event checks happen once per control loop.
                - Uses scheduler-provided mission time or tick counts to compute elapsed time accurately.
            </Timing>
            <Invariants>
                - At most one EXPLORATION_COMPLETED and one EXPLORATION_TIMEOUT event per mission.
                - RemainingTimeMs never negative; clamped at zero.
            </Invariants>
            <Failures>
                - Time base failure (no time information):
                  Handling: treat as no remaining time; likely cause immediate timeout and safe return behavior.
            </Failures>
            <DerivedFrom>
                LL--MAP--1.3.6 LL--MAP--1.5.1 LL--MAP--1.5.2 LL--MAP--1.5.3
                LL--EVENT--1.1.1 LL--SCHED--1.1.1
            </DerivedFrom>
        </Component>
    </Components>

    <StateMachines version="1">
        <StateMachine>
            <ID>FSM--1</ID>
            <OfComponent>CMP--1</OfComponent>
            <States>
                <State>
                    <Name>IDLE</Name>
                    <StateAction>
                        - Keep motors stopped (no MC_MotionCommand).
                        - Monitor INIT_COMPLETED and SensorAvailabilityStatus flags.
                        - Initialize exploration-related timers and flags upon future exit.
                    </StateAction>
                </State>
                <State>
                    <Name>EXPLORE</Name>
                    <StateAction>
                        - Periodically request frontier targets from CMP--2.
                        - Send MC_PathPlanningRequest to CMP--4 for selected frontier cell.
                        - If path available, issue MC_MotionCommand in exploration speed profile to CMP--8.
                        - Monitor ExplorationEvents and pose to detect exploration completion/timeout.
                    </StateAction>
                </State>
                <State>
                    <Name>RETURN_TO_START</Name>
                    <StateAction>
                        - Invoke return-to-start service: request path from current cell to start cell.
                        - Command motion control to execute return path.
                        - Monitor ReturnToStartStatus for completion or failure.
                    </StateAction>
                </State>
                <State>
                    <Name>SECOND_RUN</Name>
                    <StateAction>
                        - Request fastest path from start cell to selected goal region with time-optimized traversal cost.
                        - Command motion control to execute path with higher speed profile respecting safety.
                        - Monitor second run execution status to derive success/failure.
                    </StateAction>
                </State>
                <State>
                    <Name>COMPLETED</Name>
                    <StateAction>
                        - Cease issuing new MC_MotionCommand (motors left stopped by motion control).
                        - Maintain final second-run status in MC_SecondRunStatusOutput for external reporting.
                    </StateAction>
                </State>
            </States>
            <Transitions>
                <Transition>
                    <From>IDLE</From>
                    <To>EXPLORE</To>
                    <Trigger>
                        INIT_COMPLETED indication present AND SensorAvailabilityStatus is true, both sampled within control loop.
                    </Trigger>
                    <Guard>
                        - No critical errors in initialization.
                        - Map initialized with start cell set to FREE.
                    </Guard>
                    <TransitionAction>
                        - Reset exploration timers and elapsed time counters.
                        - Initialize exploration modules (frontier generation, exploration-status).
                    </TransitionAction>
                </Transition>
                <Transition>
                    <From>EXPLORE</From>
                    <To>RETURN_TO_START</To>
                    <Trigger>
                        - Receipt of EXPLORATION_COMPLETED event OR
                        - Receipt of EXPLORATION_TIMEOUT event from exploration-status module, whichever occurs first.
                    </Trigger>
                    <Guard>
                        - Current motion commands are safe to stop or replan.
                    </Guard>
                    <TransitionAction>
                        - Stop issuing further frontier requests.
                        - Issue return-to-start path planning request from current cell to start cell.
                        - Set internal reason code (COMPLETED or TIMEOUT).
                    </TransitionAction>
                </Transition>
                <Transition>
                    <From>RETURN_TO_START</From>
                    <To>SECOND_RUN</To>
                    <Trigger>
                        - ReturnToStartStatus indicates REACHED_START.
                        - Exploration previously declared complete (EXPLORATION_COMPLETED event had occurred; TIMEOUT alone may still allow second run if map sufficient).
                    </Trigger>
                    <Guard>
                        - Robot pose at start cell (verified by pose estimate and possibly small tolerance).
                        - Start cell is FREE in map.
                    </Guard>
                    <TransitionAction>
                        - Request goal region identification/selection if not already done.
                        - Request fastest path plan (SECOND_RUN mode).
                        - Initialize MC_SecondRunStatusOutput to RUNNING.
                    </TransitionAction>
                </Transition>
                <Transition>
                    <From>RETURN_TO_START</From>
                    <To>COMPLETED</To>
                    <Trigger>
                        ReturnToStartStatus indicates PLANNING_FAILURE or ABORTED_COLLISION and no alternative route available.
                    </Trigger>
                    <Guard>
                        - Policy: mission ends if robot cannot return safely.
                    </Guard>
                    <TransitionAction>
                        - Set MC_SecondRunStatusOutput to FAILURE.
                        - Ensure motion commands are stopped.
                    </TransitionAction>
                </Transition>
                <Transition>
                    <From>SECOND_RUN</From>
                    <To>COMPLETED</To>
                    <Trigger>
                        - SecondRunExecutionStatus == SUCCESS_REACHED_GOAL OR
                        - SecondRunExecutionStatus == FAILURE_COLLISION OR
                        - Planning failure for fastest path.
                    </Trigger>
                    <Guard>
                        None beyond trigger; any terminal status ends mission.
                    </Guard>
                    <TransitionAction>
                        - Latch MC_SecondRunStatusOutput to SUCCESS or FAILURE depending on reported status.
                        - Stop issuing path execution commands to motion control.
                    </TransitionAction>
                </Transition>
            </Transitions>
            <DerivedFrom>
                LL--MAP--1.1.1 LL--MAP--1.1.2 LL--MAP--1.1.3 LL--MAP--1.1.4
                LL--MAP--1.5.1 LL--MAP--1.5.2
                LL--RUN--1.1.1 LL--RUN--1.1.2
                LL--RUN--1.2.1 LL--RUN--1.2.2 LL--RUN--1.2.3 LL--RUN--1.2.4 LL--RUN--1.2.5
                LL--EVENT--1.1.1 LL--INIT--1.1.1 LL--SCHED--1.1.1
            </DerivedFrom>
        </StateMachine>
    </StateMachines>

    <AdditionalData version="1">
        <Data>
            <ID>DAT--1</ID>
            <Content>
                Grid Map Data Structures:
                - Define:
                  enum CellState { CELL_UNKNOWN = 0, CELL_FREE = 1, CELL_BLOCKED = 2 };
                  enum WallState { WALL_UNKNOWN = 0, WALL_PRESENT = 1, WALL_ABSENT = 2 };
                  enum ReturnToStartStatusEnum { RETURN_NOT_EXECUTED = 0, RETURN_SUCCESS = 1, RETURN_FAILURE = 2 };
                  enum SecondRunStatusEnum { SECOND_RUN_NOT_EXECUTED = 0, SECOND_RUN_SUCCESS = 1, SECOND_RUN_FAILURE = 2 };
                - Cell storage:
                  CellState cells[4][8];
                - Wall storage:
                  - Horizontal walls between (row, col) and (row+1, col):
                    WallState hWalls[3][8];
                  - Vertical walls between (row, col) and (row, col+1):
                    WallState vWalls[4][7];
                - Coordinate convention (example):
                  - Row 0, Col 0 is start cell at bottom-left or a specified corner, as per HL environment.
                  All modules must consistently use this indexing.
            </Content>
            <DerivedFrom>
                LL--MAP--1.3.1 LL--MAP--1.4.1 LL--MAP--1.4.2 LL--ENV--1.1.1 LL--ENV--1.4.1
                LL--RUN--1.2.5
            </DerivedFrom>
        </Data>

        <Data>
            <ID>DAT--2</ID>
            <Content>
                Traversal Cost Model Parameters:
                - Define cost units such that:
                  baseStraightCost = 1.0 per move between adjacent FREE cells with no turn.
                  turnPenalty = configurable &gt;= 0 for turns between edges (e.g., 0.5).
                - Exploration profile:
                  - Emphasize information gain while maintaining reasonable path length; keep baseStraightCost small, turnPenalty modest.
                - Second-run profile:
                  - Set parameters corresponding to estimated travel time:
                    costPerStraightCell = cellLength / nominalSpeed.
                    costPerTurn = extra time to decelerate, turn, accelerate.
                - Cost computation:
                  For each path:
                    TotalCost = sum(edgeCosts) where edgeCost = baseStraightCost (+turnPenalty when heading changes).
            </Content>
            <DerivedFrom>
                LL--PLAN--1.1.2 LL--MAP--1.1.5 LL--RUN--1.2.2 LL--ENV--3.1.2
            </DerivedFrom>
        </Data>

        <Data>
            <ID>DAT--3</ID>
            <Content>
                Time-Aware Planning and Nominal Cell Traversal Duration:
                - Configuration parameter:
                  uint32_t nominalCellTraversalMs; // default derived from measured robot speed at exploration speed.
                - Remaining exploration time:
                  remainingTimeMs = max(0, explorationTimeLimitMs - elapsedExplorationMs).
                - Frontier feasibility test:
                  For candidate frontier at distance N_cells from current cell:
                    estTravelMs = N_cells * nominalCellTraversalMs;
                    estMappingOverheadMs = nominalCellTraversalMs; // simple fixed overhead.
                    If estTravelMs + estMappingOverheadMs &gt; remainingTimeMs, discard candidate.
            </Content>
            <DerivedFrom>
                LL--MAP--1.5.2 LL--MAP--1.5.3 LL--MAP--1.1.5
            </DerivedFrom>
        </Data>

        <Data>
            <ID>DAT--4</ID>
            <Content>
                Ultrasonic Uncertainty and Clearance Checks:
                - Ultrasonic measurement model:
                  Each distance reading d_cm is expanded to [d_cm - 12, d_cm + 12] cm interval.
                - Robot model:
                  Radius R = 5.5 cm.
                  Wall thickness ~1.6 cm.
                  Cell size L = 17.2 cm.
                - Expected center-to-wall distance for front wall when centered in cell:
                  approxDistance = L/2 + wallThickness/2 ≈ 8.6 + 0.8 = 9.4 cm (approximate; derived precisely in implementation).
                - Clearance margin M:
                  Configurable M &gt; 0 cm, e.g., 2–5 cm; planned trajectories ensure robot center stays at least R + M away from any wall boundary.
                - Emergency stop threshold:
                  Derived from maximum speed, stopping distance, and uncertainty interval; ensures robot can stop before wall even in worst-case measurement error.
            </Content>
            <DerivedFrom>
                LL--INTERF--2.3.1 LL--HARDWARE--1.1.1 LL--ENV--1.2.1 LL--ENV--1.3.1
                LL--RELIAB--1.1.1 LL--RELIAB--1.1.2 LL--MAP--1.2.1
            </DerivedFrom>
        </Data>

        <Data>
            <ID>DAT--5</ID>
            <Content>
                Sensor Filtering and Consistency Parameters:
                - Sampling frequency:
                  configurable in [10, 50] Hz; default 20 Hz.
                  controlLoopPeriod T = 1 / samplingFrequency.
                - Filter windows:
                  ultrasonicMovingAverageWindow = 3–5 samples.
                  IRmovingAverageOrDebounceWindow = 2–3 samples.
                - Consistency threshold N for determining first classification of UNKNOWN map entries:
                  integer N ∈ [2, 10], default 3.
                  Implementation: maintain counters per UNKNOWN cell/wall; only change classification from UNKNOWN to FREE/BLOCKED or PRESENT/ABSENT when N consecutive readings indicate the same state.
                  After a map entry becomes FREE/BLOCKED or PRESENT/ABSENT, immutability applies and N is no longer used to attempt overrides; conflicting evidence is treated as sensor error only.
            </Content>
            <DerivedFrom>
                LL--RELIAB--1.2.1 LL--RELIAB--1.2.2 LL--MAP--1.3.5
            </DerivedFrom>
        </Data>

        <Data>
            <ID>DAT--6</ID>
            <Content>
                Motion Primitive Specification:
                - Straight move primitive:
                  Move from one cell center to adjacent in direction of current discrete heading.
                  Steps:
                  1) Compute distance to travel = cellLength (17.2 cm).
                  2) Compute required duration based on exploration or second-run speed (cm/s).
                  3) Execute repeated motor_set commands with equal left/right speeds for computed number of control loop cycles.
                - Turn in place primitive:
                  Rotate by ±90° or 180° to align with maze axis.
                  Use differential drive kinematics to determine wheel speeds and duration for desired angle based on robot geometry.
                - Arc turn primitive for avoidance:
                  Use left/right speeds with appropriate ratio to follow circular arc of radius &gt;= R + M to maintain clearance from walls.
            </Content>
            <DerivedFrom>
                LL--HARDWARE--2.1.2 LL--HARDWARE--2.1.1 LL--MAP--1.2.4 LL--ENV--1.2.1 LL--RELIAB--1.1.1
            </DerivedFrom>
        </Data>

        <Data>
            <ID>DAT--7</ID>
            <Content>
                Event Queue for Exploration and Mission Events:
                - Data structure:
                  Circular buffer of fixed size (e.g., 16 entries) storing:
                  struct Event { EventType type; uint32_t timestamp; EventPayload payload; };
                - Supported event types include:
                  EXPLORATION_COMPLETED, EXPLORATION_TIMEOUT, PATH_INVALIDATED, RETURN_COMPLETED, SECOND_RUN_COMPLETED.
                - Usage:
                  - Modules (e.g., exploration-status) enqueue events.
                  - Mission control dequeues and processes all available events each control loop.
            </Content>
            <DerivedFrom>
                LL--EVENT--1.1.1 LL--MAP--1.5.1 LL--RUN--1.1.1 LL--MAP--1.1.1
            </DerivedFrom>
        </Data>
    </AdditionalData>
</Design>

Create a Implementation as described in the documents you were given previously, make sure everything works, runs and is traced correctly.
Answer with the XML document


[2026-05-26--15:16:15]Agent: <Implementation>
    <Structure>
        <File>main.py</File>
        <Directory name="waveshare">
            <File>__init__.py</File>
            <File>battery.py</File>
            <File>motor.py</File>
            <File>ultrasonic_sensor.py</File>
            <File>infrared.py</File>
        </Directory>
        <Directory name="core">
            <File>config.py</File>
            <File>grid_map.py</File>
            <File>events.py</File>
            <File>planner.py</File>
            <File>frontier.py</File>
            <File>goal_region.py</File>
            <File>sensor_layer.py</File>
            <File>mapping.py</File>
            <File>pose.py</File>
            <File>motion_control.py</File>
            <File>exploration_status.py</File>
            <File>mission_control.py</File>
            <File>scheduler.py</File>
            <File>types.py</File>
            <File>utils.py</File>
        </Directory>
    </Structure>
    <Code>
        <CodeFile name="waveshare/__init__.py">
<![CDATA[
# Placeholder package init for Waveshare drivers.
# On real hardware this would not be needed or would import actual drivers.
]]>
        </CodeFile>

        <CodeFile name="waveshare/battery.py">
<![CDATA[
# Simple shim around the documented Waveshare.battery.Battery API
# so that code can be type-checked and easily swapped when running on real HW.

class Battery:
    """Wrapper for Waveshare.battery.Battery (not used by current design)."""

    def __init__(self):
        # On real hardware, initialize ADC etc.
        pass

    def get_percentage(self) -> int:
        # Return dummy value for now.
        return 100

    def get_voltag(self) -> float:
        # NOTE: Name kept as specified in the prompt (get_voltag, not get_voltage).
        return 4.2
]]>
        </CodeFile>

        <CodeFile name="waveshare/motor.py">
<![CDATA[
# Shim matching Waveshare.motor.Motor API.
# On real HW, this should wrap the actual motor driver.

class Motor:
    """Differential drive motor interface.

    Matches the API specified in the prompt.
    """

    def __init__(self):
        # Initialize GPIO / PWM here on real hardware.
        self._left_speed = 0
        self._right_speed = 0

    def backward(self, speed: int) -> None:
        self.set(-abs(speed), -abs(speed))

    def forward(self, speed: int) -> None:
        self.set(abs(speed), abs(speed))

    def left(self, speed: int) -> None:
        self.set(-abs(speed), abs(speed))

    def right(self, speed: int) -> None:
        self.set(abs(speed), -abs(speed))

    def set(self, left_speed: int, right_speed: int) -> None:
        """Set raw wheel speeds in range [-100, 100]."""
        self._left_speed = max(-100, min(100, int(left_speed)))
        self._right_speed = max(-100, min(100, int(right_speed)))
        # TODO: send values to actual hardware

    def stop(self) -> None:
        self.set(0, 0)

    @property
    def last_speeds(self):
        return self._left_speed, self._right_speed
]]>
        </CodeFile>

        <CodeFile name="waveshare/ultrasonic_sensor.py">
<![CDATA[
# Shim matching Waveshare.ultrasonic_sensor.UltrasonicSensor API.

class UltrasonicSensor:
    """Single ultrasonic range finder."""

    def __init__(self):
        # Initialize GPIO / timer here on real hardware.
        pass

    def distance(self) -> float:
        """Return current distance in cm.

        On real hardware this gets a live reading. Here we return a large
        value so that code can run in a non-hardware environment.
        """
        return 1000.0
]]>
        </CodeFile>

        <CodeFile name="waveshare/infrared.py">
<![CDATA[
# Shim matching Waveshare.infrared.Infrared API.

class Infrared:
    """Pair of IR wall / line sensors."""

    def __init__(self):
        # Initialize GPIO here on real hardware.
        pass

    def dsl(self) -> bool:
        """Return left IR digital status."""
        return False

    def dsr(self) -> bool:
        """Return right IR digital status."""
        return False
]]>
        </CodeFile>

        <CodeFile name="core/types.py">
<![CDATA[
"""
Common enums / simple data structures.

Traces:
- Grid map data types from DAT--1
- Mission-level result enums from DAT--1
"""

from __future__ import annotations

from typing import List, Tuple, Optional


# ===== Grid states (DAT--1) ===============================================

class CellState:
    """CMP--3, DAT--1: enum CellState { CELL_UNKNOWN, CELL_FREE, CELL_BLOCKED }."""
    CELL_UNKNOWN = 0
    CELL_FREE = 1
    CELL_BLOCKED = 2


class WallState:
    """CMP--3, DAT--1: enum WallState { WALL_UNKNOWN, WALL_PRESENT, WALL_ABSENT }."""
    WALL_UNKNOWN = 0
    WALL_PRESENT = 1
    WALL_ABSENT = 2


# Mission and run status enums (DAT--1) ------------------------------------

class ReturnToStartStatusEnum:
    """DAT--1: ReturnToStartStatusEnum."""
    RETURN_NOT_EXECUTED = 0
    RETURN_SUCCESS = 1
    RETURN_FAILURE = 2


class SecondRunStatusEnum:
    """DAT--1: SecondRunStatusEnum.

    Maps to MC_SecondRunStatusOutput in CMP--1 / FSM--1.
    """
    SECOND_RUN_NOT_EXECUTED = 0
    SECOND_RUN_SUCCESS = 1
    SECOND_RUN_FAILURE = 2


# Mission Control states (FSM--1) ------------------------------------------

class MissionState:
    """Mission Control top-level states (FSM--1, CMP--1)."""
    IDLE = "IDLE"
    EXPLORE = "EXPLORE"
    RETURN_TO_START = "RETURN_TO_START"
    SECOND_RUN = "SECOND_RUN"
    COMPLETED = "COMPLETED"


# Path planning status -----------------------------------------------------

class PlanningStatus:
    """CMP--4: PL_PathPlanningResponse.status."""
    SUCCESS = "SUCCESS"
    FAILURE_NO_PATH = "FAILURE_NO_PATH"
    FAILURE_TIMEOUT = "FAILURE_TIMEOUT"
    INVALID_GOAL = "INVALID_GOAL"


# Path execution status (CMP--8) ------------------------------------------

class PathExecutionStatus:
    """Status enums communicated between motion control and mission control."""
    RUNNING = "RUNNING"
    REACHED_START = "REACHED_START"
    PATH_INVALID = "PATH_INVALID"
    COLLISION_ABORTED = "COLLISION_ABORTED"
    SUCCESS_REACHED_GOAL = "SUCCESS_REACHED_GOAL"
    FAILURE_COLLISION = "FAILURE_COLLISION"
    FAILURE_NO_PATH = "FAILURE_NO_PATH"


# Misc simple types --------------------------------------------------------

CellIndex = Tuple[int, int]  # (row, col)
Path = List[CellIndex]


class Pose:
    """Discrete pose (CMP--9)."""

    def __init__(self, row: int = 0, col: int = 0, heading_idx: int = 0):
        self.row = row
        self.col = col
        # 0:NORTH, 1:EAST, 2:SOUTH, 3:WEST
        self.heading_idx = heading_idx
        # Continuous approximations (not strictly required for discrete map)
        self.x = 0.0
        self.y = 0.0
        self.theta = 0.0

    def cell(self) -> CellIndex:
        return (self.row, self.col)

    def copy(self) -> "Pose":
        p = Pose(self.row, self.col, self.heading_idx)
        p.x = self.x
        p.y = self.y
        p.theta = self.theta
        return p
]]>
        </CodeFile>

        <CodeFile name="core/config.py">
<![CDATA[
"""
Global configuration values.

Traces:
- Traversal cost model parameters (DAT--2)
- Time-aware planning parameters (DAT--3)
- Ultrasonic uncertainty and clearance (DAT--4)
- Sensor filtering parameters (DAT--5)
- Motion primitive parameters (DAT--6)
"""

from __future__ import annotations


# ===== Map / environment ==================================================

CELL_ROWS = 4
CELL_COLS = 8
CELL_LENGTH_CM = 17.2  # DAT--4
ROBOT_RADIUS_CM = 5.5  # DAT--4
WALL_THICKNESS_CM = 1.6  # DAT--4


# ===== Timing / scheduler / SAL (DAT--5) =================================

DEFAULT_SAMPLING_HZ = 20  # in [10, 50]
CONTROL_PERIOD_S = 1.0 / DEFAULT_SAMPLING_HZ
CONTROL_PERIOD_MS = int(CONTROL_PERIOD_S * 1000)

# Filter windows (DAT--5)
ULTRASONIC_WINDOW = 3
IR_WINDOW = 2

# Consistency threshold N for UNKNOWN -> classified (DAT--5)
CONSISTENCY_N = 3


# ===== Exploration time limits (CMP--11, DAT--3) ==========================

EXPLORATION_TIME_LIMIT_MS = 5 * 60 * 1000  # 5 minutes
NOMINAL_CELL_TRAVERSAL_MS = 800  # default; tuned on real robot (DAT--3)


# ===== Cost model parameters (DAT--2) =====================================

BASE_STRAIGHT_COST = 1.0
TURN_PENALTY = 0.5

# Second-run profile approximated by time
SECOND_RUN_COST_STRAIGHT = 1.0  # in "time units"
SECOND_RUN_COST_TURN = 0.8


# ===== Ultrasonic / safety (DAT--4) =======================================

ULTRASONIC_UNCERTAINTY_CM = 12.0
CLEARANCE_MARGIN_CM = 3.0  # M in DAT--4
EMERGENCY_STOP_THRESHOLD_CM = 12.0  # conservative; tuned on hardware


# ===== Motion primitive speeds (DAT--6, CMP--8) ===========================

EXPLORATION_SPEED_DUTY = 40  # 0-100
SECOND_RUN_SPEED_DUTY = 70
RETURN_SPEED_DUTY = 40

MAX_SPEED_DUTY = 80  # safety bound; CMP--8 invariant
MAX_ACCEL_PER_CYCLE = 20  # rate limiting per wheel per loop (CMP--8)


# ===== Misc ===============================================================

# Simple pseudo-random generator seed
RANDOM_SEED = 1
]]>
        </CodeFile>

        <CodeFile name="core/utils.py">
<![CDATA[
"""
Utility helpers.

Traces:
- Used across multiple components to keep code compact.
"""

from __future__ import annotations

from typing import List, Iterable, TypeVar

T = TypeVar("T")


def clamp(val: float, lo: float, hi: float) -> float:
    if val < lo:
        return lo
    if val > hi:
        return hi
    return val


def moving_average(values: List[float]) -> float:
    if not values:
        return 0.0
    return sum(values) / float(len(values))


def bool_majority(values: Iterable[bool]) -> bool:
    """Return True if majority of values are True."""
    vs = list(values)
    if not vs:
        return False
    return sum(1 for v in vs if v) >= (len(vs) + 1) // 2
]]>
        </CodeFile>

        <CodeFile name="core/events.py">
<![CDATA[
"""
Simple event queue.

Traces:
- Event Queue spec from DAT--7
- CMP--1, CMP--11: ExplorationEvents
"""

from __future__ import annotations

from typing import Optional, Any, List


class EventType:
    EXPLORATION_COMPLETED = "EXPLORATION_COMPLETED"
    EXPLORATION_TIMEOUT = "EXPLORATION_TIMEOUT"
    PATH_INVALIDATED = "PATH_INVALIDATED"
    RETURN_COMPLETED = "RETURN_COMPLETED"
    SECOND_RUN_COMPLETED = "SECOND_RUN_COMPLETED"


class Event:
    """DAT--7: struct Event { EventType type; uint32_t timestamp; EventPayload payload; }"""

    def __init__(self, ev_type: str, timestamp_ms: int, payload: Any = None):
        self.type = ev_type
        self.timestamp_ms = timestamp_ms
        self.payload = payload


class EventQueue:
    """Circular buffer of fixed size (DAT--7)."""

    def __init__(self, capacity: int = 16):
        self._capacity = capacity
        self._buf: List[Optional[Event]] = [None] * capacity
        self._head = 0
        self._tail = 0
        self._size = 0

    def enqueue(self, ev: Event) -> None:
        if self._size == self._capacity:
            # Overwrite oldest event; design does not specify dropping strategy, but
            # EXPLORATION_COMPLETED / TIMEOUT are emitted only once, so risk is small.
            self._head = (self._head + 1) % self._capacity
            self._size -= 1
        self._buf[self._tail] = ev
        self._tail = (self._tail + 1) % self._capacity
        self._size += 1

    def dequeue(self) -> Optional[Event]:
        if self._size == 0:
            return None
        ev = self._buf[self._head]
        self._buf[self._head] = None
        self._head = (self._head + 1) % self._capacity
        self._size -= 1
        return ev

    def drain(self) -> list:
        out = []
        while True:
            ev = self.dequeue()
            if ev is None:
                break
            out.append(ev)
        return out
]]>
        </CodeFile>

        <CodeFile name="core/grid_map.py">
<![CDATA[
"""
Grid Map Module implementation.

Traces:
- CMP--3 Grid Map Module
- DAT--1 grid structures
"""

from __future__ import annotations

from typing import Tuple, List

from .types import CellState, WallState
from . import config


CellIndex = Tuple[int, int]


class GridMap:
    """CMP--3 implementation for a 4x8 grid map."""

    def __init__(self):
        self.rows = config.CELL_ROWS
        self.cols = config.CELL_COLS

        # DAT--1: CellState cells[4][8]
        self.cells = [
            [CellState.CELL_UNKNOWN for _ in range(self.cols)]
            for _ in range(self.rows)
        ]

        # DAT--1: Horizontal walls hWalls[3][8]: between (row, col) and (row+1, col)
        self.h_walls = [
            [WallState.WALL_UNKNOWN for _ in range(self.cols)]
            for _ in range(self.rows - 1)
        ]

        # DAT--1: Vertical walls vWalls[4][7]: between (row, col) and (row, col+1)
        self.v_walls = [
            [WallState.WALL_UNKNOWN for _ in range(self.cols - 1)]
            for _ in range(self.rows)
        ]

        # For completeness tracking (CMP--3 execution)
        self._unknown_cells = self.rows * self.cols
        # Horizontal walls: (rows-1)*cols, vertical: rows*(cols-1)
        self._unknown_walls = (self.rows - 1) * self.cols + self.rows * (self.cols - 1)

        # Map completeness flag (CMP--3, CMP--11)
        self.map_complete = False

        # Start cell coordinate, set during init_request
        self.start_cell: CellIndex = (0, 0)

    # ===== Helpers =========================================================

    def _check_cell_index(self, row: int, col: int) -> bool:
        return 0 <= row < self.rows and 0 <= col < self.cols

    # ===== Initialization (CMP--3 Execution, Init_Request) =================

    def init_request(self, start_cell: CellIndex = (0, 0)) -> None:
        """Initialize map to UNKNOWN and designate start cell as FREE.

        Traces: CMP--3 Execution, "Map initialization at startup".
        """
        self.start_cell = start_cell

        for r in range(self.rows):
            for c in range(self.cols):
                self.cells[r][c] = CellState.CELL_UNKNOWN

        for r in range(self.rows - 1):
            for c in range(self.cols):
                self.h_walls[r][c] = WallState.WALL_UNKNOWN

        for r in range(self.rows):
            for c in range(self.cols - 1):
                self.v_walls[r][c] = WallState.WALL_UNKNOWN

        self._unknown_cells = self.rows * self.cols
        self._unknown_walls = (self.rows - 1) * self.cols + self.rows * (self.cols - 1)
        self.map_complete = False

        # Start cell is FREE (CMP--3 Execution step 3)
        sr, sc = self.start_cell
        if self._check_cell_index(sr, sc):
            if self.cells[sr][sc] == CellState.CELL_UNKNOWN:
                self.cells[sr][sc] = CellState.CELL_FREE
                self._unknown_cells -= 1
        self._update_completeness_flag()

    # ===== Query APIs (CMP--3, CMP--2, CMP--4) ============================

    def get_cell_state(self, row: int, col: int) -> int:
        if not self._check_cell_index(row, col):
            return CellState.CELL_BLOCKED
        return self.cells[row][col]

    def set_cell_state_unknown_to(self, row: int, col: int, new_state: int) -> bool:
        """Set cell classification if and only if UNKNOWN -> FREE/BLOCKED.

        Traces:
        - CMP--3 Execution 4) Apply explicit MM_MapUpdateRequest.
        - Invariants: UNKNOWN->FREE or UNKNOWN->BLOCKED only.
        """
        if not self._check_cell_index(row, col):
            return False
        cur = self.cells[row][col]
        if cur != CellState.CELL_UNKNOWN:
            # Invalid classification transition (CMP--3 Failures)
            return False
        if new_state not in (CellState.CELL_FREE, CellState.CELL_BLOCKED):
            return False
        self.cells[row][col] = new_state
        self._unknown_cells -= 1
        self._update_completeness_flag()
        return True

    def get_horizontal_wall_state(self, row: int, col: int) -> int:
        if not (0 <= row < self.rows - 1 and 0 <= col < self.cols):
            return WallState.WALL_PRESENT
        return self.h_walls[row][col]

    def set_horizontal_wall_unknown_to(self, row: int, col: int, new_state: int) -> bool:
        if not (0 <= row < self.rows - 1 and 0 <= col < self.cols):
            return False
        cur = self.h_walls[row][col]
        if cur != WallState.WALL_UNKNOWN:
            return False
        if new_state not in (WallState.WALL_PRESENT, WallState.WALL_ABSENT):
            return False
        self.h_walls[row][col] = new_state
        self._unknown_walls -= 1
        self._update_completeness_flag()
        return True

    def get_vertical_wall_state(self, row: int, col: int) -> int:
        if not (0 <= row < self.rows and 0 <= col < self.cols - 1):
            return WallState.WALL_PRESENT
        return self.v_walls[row][col]

    def set_vertical_wall_unknown_to(self, row: int, col: int, new_state: int) -> bool:
        if not (0 <= row < self.rows and 0 <= col < self.cols - 1):
            return False
        cur = self.v_walls[row][col]
        if cur != WallState.WALL_UNKNOWN:
            return False
        if new_state not in (WallState.WALL_PRESENT, WallState.WALL_ABSENT):
            return False
        self.v_walls[row][col] = new_state
        self._unknown_walls -= 1
        self._update_completeness_flag()
        return True

    def neighbors4(self, row: int, col: int) -> List[CellIndex]:
        """Get 4-connected neighbors within grid (no wall checking)."""
        nbs: List[CellIndex] = []
        if row > 0:
            nbs.append((row - 1, col))
        if row < self.rows - 1:
            nbs.append((row + 1, col))
        if col > 0:
            nbs.append((row, col - 1))
        if col < self.cols - 1:
            nbs.append((row, col + 1))
        return nbs

    def is_edge_traversable(self, a: CellIndex, b: CellIndex) -> bool:
        """CMP--4: implement 4-connected neighbors between FREE cells not separated by PRESENT walls."""
        ar, ac = a
        br, bc = b
        if not (self._check_cell_index(ar, ac) and self._check_cell_index(br, bc)):
            return False
        if self.cells[ar][ac] != CellState.CELL_FREE:
            return False
        if self.cells[br][bc] != CellState.CELL_FREE:
            return False

        dr = br - ar
        dc = bc - ac
        if abs(dr) + abs(dc) != 1:
            return False

        # Vertical move (north/south) => horizontal wall
        if dr == 1:  # moving down from (ar,ac) to (ar+1, ac)
            ws = self.get_horizontal_wall_state(ar, ac)
        elif dr == -1:  # up
            ws = self.get_horizontal_wall_state(br, bc)
        else:
            # Horizontal move => vertical wall
            if dc == 1:  # right
                ws = self.get_vertical_wall_state(ar, ac)
            else:        # left
                ws = self.get_vertical_wall_state(br, bc)
        return ws != WallState.WALL_PRESENT

    # ===== Completeness tracking (CMP--3, CMP--11) =========================

    def _update_completeness_flag(self) -> None:
        self.map_complete = (self._unknown_cells == 0 and self._unknown_walls == 0)
]]>
        </CodeFile>

        <CodeFile name="core/frontier.py">
<![CDATA[
"""
Frontier Generation and Exploration Target Selection.

Traces:
- CMP--2 implementation
- DAT--3 (time-aware planning)
"""

from __future__ import annotations

from typing import List, Optional, Tuple

from . import config
from .grid_map import GridMap, CellIndex
from .types import CellState


class FrontierTarget:
    """Represents FGM_SelectedTarget (CMP--2)."""

    def __init__(self, cell: Optional[CellIndex], est_travel_ms: int = 0):
        self.cell = cell
        self.estimated_travel_ms = est_travel_ms
        self.estimated_info_gain = 0
        self.heuristic_value = 0.0


class FrontierGenerator:
    """CMP--2 implementation."""

    def __init__(self, grid: GridMap):
        self.grid = grid
        self._cached_frontiers: List[CellIndex] = []
        self._cache_valid = False

    # ==== Frontier recomputation (CMP--2, Execution) =======================

    def recompute_frontiers(self) -> List[CellIndex]:
        """Compute set of frontier cells.

        Frontier = UNKNOWN cells that have at least one FREE 4-neighbor.
        """
        rows = self.grid.rows
        cols = self.grid.cols
        res: List[CellIndex] = []
        for r in range(rows):
            for c in range(cols):
                if self.grid.get_cell_state(r, c) != CellState.CELL_UNKNOWN:
                    continue
                # Check for FREE neighbor
                for nr, nc in self.grid.neighbors4(r, c):
                    if self.grid.get_cell_state(nr, nc) == CellState.CELL_FREE:
                        res.append((r, c))
                        break
        self._cached_frontiers = res
        self._cache_valid = True
        return res

    def invalidate_cache(self) -> None:
        self._cache_valid = False

    def get_frontiers(self) -> List[CellIndex]:
        if not self._cache_valid:
            return self.recompute_frontiers()
        return list(self._cached_frontiers)

    # ==== Target selection (CMP--2) ========================================

    def select_target(
        self,
        current_cell: CellIndex,
        remaining_time_ms: int,
        nominal_cell_traversal_ms: int = config.NOMINAL_CELL_TRAVERSAL_MS,
    ) -> FrontierTarget:
        """Select best feasible frontier cell.

        Very simple heuristic:
        - Use Manhattan distance as approximate path length.
        - Check time feasibility per DAT--3.
        - Choose closest feasible candidate.
        """
        frontiers = self.get_frontiers()
        if not frontiers:
            return FrontierTarget(None)

        best: Optional[Tuple[CellIndex, int]] = None

        for fr in frontiers:
            d_cells = abs(fr[0] - current_cell[0]) + abs(fr[1] - current_cell[1])
            est_travel = d_cells * nominal_cell_traversal_ms
            est_mapping_overhead = nominal_cell_traversal_ms

            if est_travel + est_mapping_overhead > remaining_time_ms:
                # Time-aware planning filter (DAT--3)
                continue

            if best is None or est_travel < best[1]:
                best = (fr, est_travel)

        if best is None:
            # No feasible candidates (CMP--2 Failures: Time-limit constraint)
            return FrontierTarget(None)

        tgt = FrontierTarget(best[0], best[1])
        tgt.heuristic_value = 1.0 / (1.0 + best[1])
        return tgt
]]>
        </CodeFile>

        <CodeFile name="core/planner.py">
<![CDATA[
"""
Path Planner implementation.

Traces:
- CMP--4 Path Planner
- DAT--2 cost model
"""

from __future__ import annotations

from typing import Dict, Tuple, List, Optional
import math

from .grid_map import GridMap, CellIndex
from .types import PlanningStatus
from . import config


class PathPlanningRequest:
    """Simplified MC_PathPlanningRequest (CMP--1, CMP--4)."""

    def __init__(self, request_id: int, mode: str, start: CellIndex, goals: List[CellIndex]):
        self.request_id = request_id
        self.mode = mode  # "EXPLORE", "RETURN_TO_START", "SECOND_RUN"
        self.start = start
        self.goals = goals


class PathPlanningResponse:
    """PL_PathPlanningResponse (CMP--4)."""

    def __init__(self, request: PathPlanningRequest):
        self.request_id = request.request_id
        self.status: str = PlanningStatus.FAILURE_NO_PATH
        self.path: List[CellIndex] = []
        self.total_cost: float = 0.0
        self.estimated_time_ms: int = 0


class Planner:
    """Dijkstra / A* over grid (CMP--4)."""

    def __init__(self, grid: GridMap):
        self.grid = grid

    def plan(self, req: PathPlanningRequest) -> PathPlanningResponse:
        """Plan path according to CMP--4 Execution (Dijkstra/A*)."""
        resp = PathPlanningResponse(req)
        if not req.goals:
            resp.status = PlanningStatus.INVALID_GOAL
            return resp

        # Single-mode: we use Dijkstra with uniform cell cost and optional turn penalty.
        # For simplicity we treat all edges same, plus a small turn penalty.
        start = req.start
        goals = set(req.goals)

        # Basic Dijkstra over up to 32 cells.
        dist: Dict[CellIndex, float] = {}
        prev: Dict[CellIndex, Tuple[CellIndex, int]] = {}  # cell -> (prev_cell, heading_idx)
        visited: Dict[CellIndex, bool] = {}
        frontier: List[Tuple[float, CellIndex, int]] = []  # (cost, cell, heading)

        # Start with all 4 headings possible; choose 0 with 0 cost.
        start_heading = 0
        dist[start] = 0.0
        prev[start] = (start, start_heading)
        frontier.append((0.0, start, start_heading))

        def pop_min() -> Optional[Tuple[float, CellIndex, int]]:
            if not frontier:
                return None
            # O(N) scan is fine for 32 cells.
            best_i = 0
            best_val = frontier[0][0]
            for i, (c, _, _) in enumerate(frontier):
                if c < best_val:
                    best_val = c
                    best_i = i
            return frontier.pop(best_i)

        goal_reached: Optional[CellIndex] = None
        goal_heading = 0

        while True:
            node = pop_min()
            if node is None:
                break
            cost, cell, heading = node
            if visited.get(cell):
                continue
            visited[cell] = True

            if cell in goals:
                goal_reached = cell
                goal_heading = heading
                break

            # Expand neighbors
            r, c = cell
            for (nr, nc) in self.grid.neighbors4(r, c):
                if not self.grid.is_edge_traversable((r, c), (nr, nc)):
                    continue
                # Determine new heading
                dr = nr - r
                dc = nc - c
                if dr == -1:
                    new_heading = 0  # N
                elif dc == 1:
                    new_heading = 1  # E
                elif dr == 1:
                    new_heading = 2  # S
                else:
                    new_heading = 3  # W

                edge_cost = config.BASE_STRAIGHT_COST
                if new_heading != heading:
                    edge_cost += config.TURN_PENALTY

                new_cost = cost + edge_cost
                old = dist.get((nr, nc))
                if old is None or new_cost < old:
                    dist[(nr, nc)] = new_cost
                    prev[(nr, nc)] = (cell, new_heading)
                    frontier.append((new_cost, (nr, nc), new_heading))

        if goal_reached is None:
            resp.status = PlanningStatus.FAILURE_NO_PATH
            return resp

        # Reconstruct path
        path: List[CellIndex] = []
        cur = goal_reached
        cur_heading = goal_heading
        while True:
            path.append(cur)
            p_cell, p_heading = prev[cur]
            if p_cell == cur:
                break
            cur = p_cell
            cur_heading = p_heading
        path.reverse()
        resp.path = path
        resp.total_cost = dist[goal_reached]

        # Map cost to time estimate; we simply scale by NOMINAL_CELL_TRAVERSAL_MS.
        straight_cells = len(path) - 1
        resp.estimated_time_ms = int(straight_cells * config.NOMINAL_CELL_TRAVERSAL_MS)
        resp.status = PlanningStatus.SUCCESS
        return resp
]]>
        </CodeFile>

        <CodeFile name="core/goal_region.py">
<![CDATA[
"""
Goal Region Identification and Selection.

Traces:
- CMP--5 Goal Region Identification and Selection
"""

from __future__ import annotations

from typing import List, Tuple, Optional

from .grid_map import GridMap, CellIndex
from .planner import Planner, PathPlanningRequest
from .types import CellState, PlanningStatus


class GoalRegionSelector:
    """CMP--5 implementation."""

    def __init__(self, grid: GridMap, planner: Planner):
        self.grid = grid
        self.planner = planner
        self.selected_region: Optional[List[CellIndex]] = None
        self.selected_goal_cell: Optional[CellIndex] = None

    def _enumerate_candidate_regions(self) -> List[List[CellIndex]]:
        """Enumerate all 2x2 all-FREE regions (CMP--5 Execution step 2)."""
        regions: List[List[CellIndex]] = []
        for r in range(self.grid.rows - 1):
            for c in range(self.grid.cols - 1):
                cells = [(r, c), (r + 1, c), (r, c + 1), (r + 1, c + 1)]
                if all(self.grid.get_cell_state(cr, cc) == CellState.CELL_FREE for cr, cc in cells):
                    regions.append(cells)
        return regions

    def select_region(self) -> None:
        """Perform full goal region selection once (CMP--5 Execution)."""
        start = self.grid.start_cell
        candidates = self._enumerate_candidate_regions()
        best_region: Optional[List[CellIndex]] = None
        best_cost: Optional[float] = None
        best_goal: Optional[CellIndex] = None

        for region in candidates:
            # Request cost info (CMP--5 Execution step 3).
            # We'll pick minimal cost among cells in region.
            region_best_cost: Optional[float] = None
            region_best_cell: Optional[CellIndex] = None

            for cell in region:
                req = PathPlanningRequest(request_id=0, mode="SECOND_RUN", start=start, goals=[cell])
                resp = self.planner.plan(req)
                if resp.status != PlanningStatus.SUCCESS:
                    continue
                if region_best_cost is None or resp.total_cost < region_best_cost:
                    region_best_cost = resp.total_cost
                    region_best_cell = cell

            if region_best_cost is None:
                # Region unreachable
                continue

            if best_cost is None or region_best_cost < best_cost:
                best_cost = region_best_cost
                best_region = region
                best_goal = region_best_cell

        self.selected_region = best_region
        self.selected_goal_cell = best_goal
]]>
        </CodeFile>

        <CodeFile name="core/sensor_layer.py">
<![CDATA[
"""
Sensor Abstraction and Filtering Layer.

Traces:
- CMP--7 Sensor Abstraction and Filtering Layer
- DAT--5 Sensor Filtering and Consistency Parameters
"""

from __future__ import annotations

from typing import List

from waveshare.ultrasonic_sensor import UltrasonicSensor
from waveshare.infrared import Infrared

from . import config
from .utils import moving_average, bool_majority


class FilteredSensorData:
    """SAL_FilteredSensorData (CMP--7, CMP--6, CMP--8)."""

    def __init__(self):
        self.ultrasonic_cm: float = 1000.0
        self.ultrasonic_valid: bool = False
        self.ir_left: bool = False
        self.ir_right: bool = False
        self.timestamp_ms: int = 0


class SensorLayer:
    """Implementation of CMP--7."""

    def __init__(self, time_ms_provider):
        self._time_ms = time_ms_provider

        self._ultra = UltrasonicSensor()
        self._ir = Infrared()

        self._ultra_buf: List[float] = []
        self._ir_left_buf: List[bool] = []
        self._ir_right_buf: List[bool] = []

        self.filtered = FilteredSensorData()

        self.sensor_available: bool = False  # SensorAvailabilityStatus

        self._ultra_seen_valid = False
        self._ir_seen_valid = False

    def _read_ultrasonic_raw(self) -> float:
        try:
            d = float(self._ultra.distance())
        except Exception:
            return -1.0
        return d

    def _read_ir_raw(self):
        try:
            left = bool(self._ir.dsl())
            right = bool(self._ir.dsr())
        except Exception:
            left = False
            right = False
        return left, right

    def update(self) -> None:
        """Execute one SAL update per control loop (CMP--7 Execution)."""
        now = self._time_ms()

        # 1) Sample raw sensors
        raw_d = self._read_ultrasonic_raw()
        raw_left, raw_right = self._read_ir_raw()

        # 2) Sanitize invalid ultrasonic values (CMP--7 Execution step 2)
        if raw_d <= 0 or raw_d != raw_d:  # NaN check
            ultra_valid = False
            raw_d = 1000.0
        else:
            ultra_valid = True

        self._ultra_buf.append(raw_d)
        if len(self._ultra_buf) > config.ULTRASONIC_WINDOW:
            self._ultra_buf.pop(0)

        self._ir_left_buf.append(raw_left)
        if len(self._ir_left_buf) > config.IR_WINDOW:
            self._ir_left_buf.pop(0)

        self._ir_right_buf.append(raw_right)
        if len(self._ir_right_buf) > config.IR_WINDOW:
            self._ir_right_buf.pop(0)

        # 3) Compute filtered values (moving average / majority)
        filt_d = moving_average(self._ultra_buf)
        filt_left = bool_majority(self._ir_left_buf)
        filt_right = bool_majority(self._ir_right_buf)

        self.filtered.ultrasonic_cm = filt_d
        self.filtered.ultrasonic_valid = ultra_valid
        self.filtered.ir_left = filt_left
        self.filtered.ir_right = filt_right
        self.filtered.timestamp_ms = now

        # 5) Update SensorAvailabilityStatus (CMP--7 Execution step 5)
        if ultra_valid:
            self._ultra_seen_valid = True
        if True:  # IR "valid" is always; we just treat as data
            self._ir_seen_valid = True

        self.sensor_available = self._ultra_seen_valid and self._ir_seen_valid
]]>
        </CodeFile>

        <CodeFile name="core/mapping.py">
<![CDATA[
"""
Mapping and Wall Detection Module.

Traces:
- CMP--6 Mapping and Wall Detection Module
- Uses SAL_FilteredSensorData (CMP--7) and GridMap (CMP--3)
"""

from __future__ import annotations

from typing import Dict, Tuple

from .grid_map import GridMap, CellIndex
from .sensor_layer import FilteredSensorData
from .types import CellState, WallState
from . import config


class MappingModule:
    """CMP--6 implementation (simplified but respecting invariants)."""

    def __init__(self, grid: GridMap):
        self.grid = grid

        # Hysteresis / consistency counters per cell or wall index (DAT--5).
        # For simplicity, we track cell free & blocked evidence.
        self._cell_free_evidence: Dict[CellIndex, int] = {}
        self._cell_blocked_evidence: Dict[CellIndex, int] = {}

    # ==== Helpers ==========================================================

    def _inc_counter(self, d: Dict[CellIndex, int], key: CellIndex) -> int:
        v = d.get(key, 0) + 1
        d[key] = v
        return v

    # ==== Main per-loop update (CMP--6 Execution) ==========================

    def update_for_pose_and_sensors(
        self,
        pose_cell: CellIndex,
        pose_heading_idx: int,
        at_cell_center: bool,
        filtered: FilteredSensorData,
    ) -> None:
        """Per control loop mapping logic.

        This implementation focuses on free cell confirmation and very coarse
        front-wall detection. Full geometric wall indexing is simplified for
        MicroPython, but invariants from CMP--6 and CMP--3 are respected.
        """
        r, c = pose_cell

        # === 2) Front wall detection via ultrasonic ========================
        # Very simple rule: if at cell center and ultrasonic is below some
        # threshold, we infer a wall in front direction, and optionally infer
        # neighbor cell as BLOCKED (CMP--6 Execution step 2, 5).
        if at_cell_center and filtered.ultrasonic_valid:
            d = filtered.ultrasonic_cm
            # Use expected approx center-to-wall distance (DAT--4).
            approx_front_dist = config.CELL_LENGTH_CM / 2.0
            # If reading is within uncertainty band of front wall, mark wall present.
            if d < approx_front_dist + config.ULTRASONIC_UNCERTAINTY_CM:
                nr, nc = self._neighbor_in_heading(r, c, pose_heading_idx)
                if nr is not None:
                    # Mark neighbor as BLOCKED via UNKNOWN->BLOCKED rule (CMP--3 Invariants)
                    if self.grid.get_cell_state(nr, nc) == CellState.CELL_UNKNOWN:
                        cnt = self._inc_counter(self._cell_blocked_evidence, (nr, nc))
                        if cnt >= config.CONSISTENCY_N:
                            self.grid.set_cell_state_unknown_to(nr, nc, CellState.CELL_BLOCKED)

        # === 3) Free cell confirmation on being at center ==================
        # If we are at cell center, mark current cell as FREE after enough
        # consistent occupancy with no collision; collision info is not modeled
        # explicitly here but can be threaded in.
        if at_cell_center:
            if self.grid.get_cell_state(r, c) == CellState.CELL_UNKNOWN:
                cnt = self._inc_counter(self._cell_free_evidence, (r, c))
                if cnt >= config.CONSISTENCY_N:
                    self.grid.set_cell_state_unknown_to(r, c, CellState.CELL_FREE)

    # ==== Simple helper to get neighbor in heading =========================

    def _neighbor_in_heading(self, r: int, c: int, heading_idx: int) -> Tuple[int, int]:
        # 0:N, 1:E, 2:S, 3:W
        if heading_idx == 0 and r > 0:
            return r - 1, c
        if heading_idx == 2 and r < self.grid.rows - 1:
            return r + 1, c
        if heading_idx == 1 and c < self.grid.cols - 1:
            return r, c + 1
        if heading_idx == 3 and c > 0:
            return r, c - 1
        return None, None
]]>
        </CodeFile>

        <CodeFile name="core/pose.py">
<![CDATA[
"""
Pose Estimation Module.

Traces:
- CMP--9 Pose Estimation Module
"""

from __future__ import annotations

from .types import Pose
from . import config


class PoseEstimator:
    """Very simple discrete pose estimator (CMP--9 simplified).

    For this MicroPython example, we avoid full kinematics and instead keep
    the pose at the current cell, updated by motion control when a new cell
    center is reached.
    """

    def __init__(self):
        self.pose = Pose(0, 0, 0)
        self._at_center = True

    def set_cell(self, row: int, col: int) -> None:
        self.pose.row = row
        self.pose.col = col
        self._at_center = True

    def set_heading(self, heading_idx: int) -> None:
        self.pose.heading_idx = heading_idx

    def update_from_motion(self) -> None:
        """Placeholder to match CMP--9 Execution; real kinematics omitted."""
        pass

    @property
    def at_cell_center(self) -> bool:
        return self._at_center
]]>
        </CodeFile>

        <CodeFile name="core/motion_control.py">
<![CDATA[
"""
Motion Control and Collision Avoidance.

Traces:
- CMP--8 Motion Control and Collision Avoidance
- DAT--6 Motion Primitive Specification
"""

from __future__ import annotations

from typing import List, Optional

from waveshare.motor import Motor

from . import config
from .grid_map import CellIndex
from .sensor_layer import FilteredSensorData
from .types import PathExecutionStatus
from .utils import clamp


class MotionCommand:
    """High-level motion command from Mission Control (MC_MotionCommand, CMP--1/8)."""

    def __init__(self, path: List[CellIndex], speed_profile: str):
        self.path = path
        self.speed_profile = speed_profile  # "EXPLORE", "RETURN", "SECOND_RUN"


class MotionController:
    """CMP--8 implementation (simplified)."""

    def __init__(self, motor: Motor):
        self.motor = motor

        self._mode = "NORMAL"  # NORMAL / AVOIDANCE / EMERGENCY_STOPPED
        self._current_cmd: Optional[MotionCommand] = None

        self._path_index = 0  # next waypoint index
        self._left_speed = 0
        self._right_speed = 0

        self.path_status: str = PathExecutionStatus.RUNNING

    # ==== Command handling =================================================

    def set_motion_command(self, cmd: MotionCommand) -> None:
        """Accept new high-level motion command (CMP--8 Execution)."""
        self._current_cmd = cmd
        self._mode = "NORMAL"
        self._path_index = 0
        self.path_status = PathExecutionStatus.RUNNING

    # ==== Per-loop update ==================================================

    def update(self, filtered: FilteredSensorData, current_cell: CellIndex) -> None:
        """Per control-loop update (CMP--8 Execution)."""
        # 1) Emergency-stop check
        if self._mode != "EMERGENCY_STOPPED":
            if filtered.ultrasonic_valid and filtered.ultrasonic_cm < config.EMERGENCY_STOP_THRESHOLD_CM:
                # Emergency stop (CMP--8 Failures)
                self._left_speed = 0
                self._right_speed = 0
                self.motor.stop()
                self._mode = "EMERGENCY_STOPPED"
                self.path_status = PathExecutionStatus.COLLISION_ABORTED
                return

        # If emergency stopped, remain so until new command is set.
        if self._mode == "EMERGENCY_STOPPED":
            self.motor.stop()
            return

        # 4) Execute simple cell-center primitive following path
        if not self._current_cmd or not self._current_cmd.path:
            # Nothing to do
            self._set_speeds(0, 0)
            return

        # Check if we reached last waypoint
        if self._path_index >= len(self._current_cmd.path):
            self._set_speeds(0, 0)
            self.path_status = PathExecutionStatus.SUCCESS_REACHED_GOAL
            return

        target_cell = self._current_cmd.path[self._path_index]
        if current_cell == target_cell:
            # Advance to next waypoint
            self._path_index += 1
            if self._path_index >= len(self._current_cmd.path):
                self._set_speeds(0, 0)
                self.path_status = PathExecutionStatus.SUCCESS_REACHED_GOAL
                return
            target_cell = self._current_cmd.path[self._path_index]

        # For this simple example, we approximate: always move forward with
        # given speed profile; pose estimator is updated externally.
        duty = self._profile_to_speed(self._current_cmd.speed_profile)
        self._set_speeds(duty, duty)

    # ==== Internal helpers =================================================

    def _profile_to_speed(self, profile: str) -> int:
        if profile == "SECOND_RUN":
            return config.SECOND_RUN_SPEED_DUTY
        if profile == "RETURN":
            return config.RETURN_SPEED_DUTY
        return config.EXPLORATION_SPEED_DUTY

    def _set_speeds(self, left: int, right: int) -> None:
        # Rate limiting per CMP--8 Invariants.
        left = int(clamp(left, -config.MAX_SPEED_DUTY, config.MAX_SPEED_DUTY))
        right = int(clamp(right, -config.MAX_SPEED_DUTY, config.MAX_SPEED_DUTY))

        dl = left - self._left_speed
        dr = right - self._right_speed
        if abs(dl) > config.MAX_ACCEL_PER_CYCLE:
            left = self._left_speed + config.MAX_ACCEL_PER_CYCLE * (1 if dl > 0 else -1)
        if abs(dr) > config.MAX_ACCEL_PER_CYCLE:
            right = self._right_speed + config.MAX_ACCEL_PER_CYCLE * (1 if dr > 0 else -1)

        self._left_speed = left
        self._right_speed = right
        self.motor.set(left, right)
]]>
        </CodeFile>

        <CodeFile name="core/exploration_status.py">
<![CDATA[
"""
Exploration Status and Time Limit Module.

Traces:
- CMP--11 Exploration Status and Time Limit Module
"""

from __future__ import annotations

from . import config
from .grid_map import GridMap
from .events import EventQueue, Event, EventType


class ExplorationStatus:
    """CMP--11 implementation."""

    def __init__(self, grid: GridMap, event_queue: EventQueue, time_ms_provider):
        self.grid = grid
        self.events = event_queue
        self._time_ms = time_ms_provider

        self._explore_start_ms: int = 0
        self._timeout_emitted = False
        self._completed_emitted = False

        self.elapsed_ms: int = 0
        self.remaining_ms: int = config.EXPLORATION_TIME_LIMIT_MS

    def start_exploration(self) -> None:
        self._explore_start_ms = self._time_ms()
        self._timeout_emitted = False
        self._completed_emitted = False

    def update(self) -> None:
        """Each control loop (CMP--11 Execution)."""
        if self._explore_start_ms == 0:
            return

        now = self._time_ms()
        self.elapsed_ms = now - self._explore_start_ms
        if self.elapsed_ms < 0:
            self.elapsed_ms = 0
        self.remaining_ms = config.EXPLORATION_TIME_LIMIT_MS - self.elapsed_ms
        if self.remaining_ms < 0:
            self.remaining_ms = 0

        # 2) Timeout
        if not self._timeout_emitted and self.elapsed_ms >= config.EXPLORATION_TIME_LIMIT_MS:
            self._timeout_emitted = True
            self.events.enqueue(Event(EventType.EXPLORATION_TIMEOUT, now))

        # 3) Map completeness
        if not self._completed_emitted and self.grid.map_complete:
            self._completed_emitted = True
            self.events.enqueue(Event(EventType.EXPLORATION_COMPLETED, now))
]]>
        </CodeFile>

        <CodeFile name="core/mission_control.py">
<![CDATA[
"""
Mission Control State Machine (CMP--1, FSM--1).
"""

from __future__ import annotations

from typing import Optional, List

from .types import MissionState, SecondRunStatusEnum, PathExecutionStatus, PlanningStatus
from .events import EventQueue, EventType, Event
from .grid_map import GridMap, CellIndex
from .frontier import FrontierGenerator, FrontierTarget
from .planner import Planner, PathPlanningRequest
from .goal_region import GoalRegionSelector
from .exploration_status import ExplorationStatus
from .motion_control import MotionCommand, MotionController
from .sensor_layer import SensorLayer
from .pose import PoseEstimator
from . import config


class MissionControl:
    """Implementation of CMP--1 and FSM--1."""

    def __init__(
        self,
        grid: GridMap,
        frontier: FrontierGenerator,
        planner: Planner,
        goal_region: GoalRegionSelector,
        exploration_status: ExplorationStatus,
        motion: MotionController,
        pose: PoseEstimator,
        sensors: SensorLayer,
        events: EventQueue,
        time_ms_provider,
    ):
        self.grid = grid
        self.frontier = frontier
        self.planner = planner
        self.goal_region = goal_region
        self.expl_status = exploration_status
        self.motion = motion
        self.pose = pose
        self.sensors = sensors
        self.events = events
        self._time_ms = time_ms_provider

        self.state: str = MissionState.IDLE
        self.second_run_status: int = SecondRunStatusEnum.SECOND_RUN_NOT_EXECUTED

        self._init_completed: bool = False  # from scheduler
        self._have_goal_region: bool = False

    # ===== External control flags =========================================

    def set_init_completed(self) -> None:
        self._init_completed = True

    # ===== Per-loop update =================================================

    def update(self) -> None:
        """One iteration of mission logic per control loop (CMP--1 Execution)."""
        # Drain relevant events
        events = self.events.drain()

        if self.state == MissionState.IDLE:
            self._state_idle(events)
        elif self.state == MissionState.EXPLORE:
            self._state_explore(events)
        elif self.state == MissionState.RETURN_TO_START:
            self._state_return_to_start(events)
        elif self.state == MissionState.SECOND_RUN:
            self._state_second_run(events)
        elif self.state == MissionState.COMPLETED:
            self._state_completed(events)

    # ===== State handlers (FSM--1) ========================================

    def _state_idle(self, events: list) -> None:
        # FSM--1 IDLE state action: keep motors stopped, monitor INIT_COMPLETED & SensorAvailabilityStatus.
        self.motion.set_motion_command(MotionCommand([], "EXPLORE"))  # results in stop
        # Check transition IDLE -> EXPLORE (FSM--1)
        if self._init_completed and self.sensors.sensor_available:
            # TransitionAction: start exploration timers/modules.
            self.expl_status.start_exploration()
            self.state = MissionState.EXPLORE

    def _state_explore(self, events: list) -> None:
        # Process exploration events to decide transition to RETURN_TO_START.
        exploration_completed = False
        exploration_timeout = False
        for ev in events:
            if ev.type == EventType.EXPLORATION_COMPLETED:
                exploration_completed = True
            elif ev.type == EventType.EXPLORATION_TIMEOUT:
                exploration_timeout = True

        if exploration_completed or exploration_timeout:
            # Transition EXPLORE->RETURN_TO_START (FSM--1).
            self.state = MissionState.RETURN_TO_START
            return

        # StateAction (FSM--1): frontier selection + path planning + motion command.
        current_cell: CellIndex = self.pose.pose.cell()
        remaining_ms = self.expl_status.remaining_ms
        target: FrontierTarget = self.frontier.select_target(current_cell, remaining_ms)
        if target.cell is None:
            # No frontier; rely on EXPLORATION_COMPLETED event.
            self.motion.set_motion_command(MotionCommand([], "EXPLORE"))
            return

        # Path planning request
        req = PathPlanningRequest(
            request_id=1,
            mode="EXPLORE",
            start=current_cell,
            goals=[target.cell],
        )
        resp = self.planner.plan(req)
        if resp.status != PlanningStatus.SUCCESS or not resp.path:
            # No path; rely on exploration status / timeout events.
            self.motion.set_motion_command(MotionCommand([], "EXPLORE"))
            return

        # Issue motion command (CMP--1 Purpose, MC_MotionCommand)
        cmd = MotionCommand(resp.path, "EXPLORE")
        self.motion.set_motion_command(cmd)

    def _state_return_to_start(self, events: list) -> None:
        # On entry, if path not yet started, request path to start.
        # For simplicity, we check if motion has no command or already completed.
        if self.motion.path_status in (
            PathExecutionStatus.SUCCESS_REACHED_GOAL,
            PathExecutionStatus.COLLISION_ABORTED,
            PathExecutionStatus.FAILURE_NO_PATH,
        ) or not self.motion._current_cmd:
            current_cell: CellIndex = self.pose.pose.cell()
            start_cell = self.grid.start_cell
            req = PathPlanningRequest(
                request_id=2, mode="RETURN_TO_START", start=current_cell, goals=[start_cell]
            )
            resp = self.planner.plan(req)
            if resp.status != PlanningStatus.SUCCESS or not resp.path:
                # Planning failure in RETURN_TO_START (CMP--1 Failures)
                self.state = MissionState.COMPLETED
                self.second_run_status = SecondRunStatusEnum.SECOND_RUN_FAILURE
                return
            cmd = MotionCommand(resp.path, "RETURN")
            self.motion.set_motion_command(cmd)

        # Monitor path execution status
        if self.motion.path_status == PathExecutionStatus.SUCCESS_REACHED_GOAL:
            # Evaluate whether we can do second run
            # Select goal region if not done
            if not self._have_goal_region:
                self.goal_region.select_region()
                self._have_goal_region = self.goal_region.selected_region is not None
            if self._have_goal_region:
                self.state = MissionState.SECOND_RUN
                self.second_run_status = SecondRunStatusEnum.SECOND_RUN_NOT_EXECUTED
            else:
                # No goal region found; mission completed
                self.state = MissionState.COMPLETED
                self.second_run_status = SecondRunStatusEnum.SECOND_RUN_FAILURE

        elif self.motion.path_status == PathExecutionStatus.COLLISION_ABORTED:
            # RETURN_TO_START failure => mission ends (CMP--1 Failures)
            self.state = MissionState.COMPLETED
            self.second_run_status = SecondRunStatusEnum.SECOND_RUN_FAILURE

    def _state_second_run(self, events: list) -> None:
        # On entry or when command completes, plan fastest path to goal region
        if (
            self.motion.path_status
            in (
                PathExecutionStatus.SUCCESS_REACHED_GOAL,
                PathExecutionStatus.COLLISION_ABORTED,
                PathExecutionStatus.FAILURE_NO_PATH,
            )
            or not self.motion._current_cmd
        ):
            if not self._have_goal_region or self.goal_region.selected_goal_cell is None:
                self.state = MissionState.COMPLETED
                self.second_run_status = SecondRunStatusEnum.SECOND_RUN_FAILURE
                return

            start_cell = self.grid.start_cell
            goal_cell = self.goal_region.selected_goal_cell
            req = PathPlanningRequest(
                request_id=3,
                mode="SECOND_RUN",
                start=start_cell,
                goals=[goal_cell],
            )
            resp = self.planner.plan(req)
            if resp.status != PlanningStatus.SUCCESS or not resp.path:
                self.state = MissionState.COMPLETED
                self.second_run_status = SecondRunStatusEnum.SECOND_RUN_FAILURE
                return
            cmd = MotionCommand(resp.path, "SECOND_RUN")
            self.motion.set_motion_command(cmd)
            self.second_run_status = SecondRunStatusEnum.SECOND_RUN_NOT_EXECUTED

        # Monitor path execution
        if self.motion.path_status == PathExecutionStatus.SUCCESS_REACHED_GOAL:
            self.state = MissionState.COMPLETED
            self.second_run_status = SecondRunStatusEnum.SECOND_RUN_SUCCESS
        elif self.motion.path_status == PathExecutionStatus.COLLISION_ABORTED:
            self.state = MissionState.COMPLETED
            self.second_run_status = SecondRunStatusEnum.SECOND_RUN_FAILURE

    def _state_completed(self, events: list) -> None:
        # COMPLETED: cease issuing new commands (FSM--1).
        self.motion.set_motion_command(MotionCommand([], "EXPLORE"))
        # Mission remains in this state; status latched in self.second_run_status.
        return
]]>
        </CodeFile>

        <CodeFile name="core/scheduler.py">
<![CDATA[
"""
Scheduler and Initialization.

Traces:
- CMP--10 Scheduler and Initialization
"""

from __future__ import annotations

import time

from waveshare.motor import Motor

from . import config
from .grid_map import GridMap
from .frontier import FrontierGenerator
from .planner import Planner
from .goal_region import GoalRegionSelector
from .sensor_layer import SensorLayer
from .mapping import MappingModule
from .pose import PoseEstimator
from .motion_control import MotionController
from .exploration_status import ExplorationStatus
from .events import EventQueue
from .mission_control import MissionControl


class Scheduler:
    """CMP--10 implementation with a blocking main loop."""

    def __init__(self):
        self._start_time = time.ticks_ms()

        self.grid = GridMap()
        self.grid.init_request(start_cell=(0, 0))

        self.event_queue = EventQueue()

        self.pose = PoseEstimator()
        self.motor = Motor()
        self.motion = MotionController(self.motor)

        self.sensors = SensorLayer(self.time_ms)
        self.mapping = MappingModule(self.grid)
        self.frontier = FrontierGenerator(self.grid)
        self.planner = Planner(self.grid)
        self.goal_region = GoalRegionSelector(self.grid, self.planner)
        self.expl_status = ExplorationStatus(self.grid, self.event_queue, self.time_ms)

        self.mission = MissionControl(
            grid=self.grid,
            frontier=self.frontier,
            planner=self.planner,
            goal_region=self.goal_region,
            exploration_status=self.expl_status,
            motion=self.motion,
            pose=self.pose,
            sensors=self.sensors,
            events=self.event_queue,
            time_ms_provider=self.time_ms,
        )

        # After initialization, raise INIT_COMPLETED
        self.mission.set_init_completed()

    def time_ms(self) -> int:
        return time.ticks_diff(time.ticks_ms(), self._start_time)

    def run(self) -> None:
        """Blocking control loop; called from main.py."""
        period_ms = int(config.CONTROL_PERIOD_MS)
        while True:
            loop_start = time.ticks_ms()

            # 1) Scheduler tick is implicit here (CMP--10 Execution).
            # 2) Acquire sensor readings
            self.sensors.update()

            # 3) Update mapping and grid map
            self.mapping.update_for_pose_and_sensors(
                pose_cell=self.pose.pose.cell(),
                pose_heading_idx=self.pose.pose.heading_idx,
                at_cell_center=self.pose.at_cell_center,
                filtered=self.sensors.filtered,
            )

            # 4) Exploration status
            self.expl_status.update()

            # 5) Mission control
            self.mission.update()

            # 6) Motion control
            self.motion.update(self.sensors.filtered, self.pose.pose.cell())

            # Sleep to maintain control period
            elapsed = time.ticks_diff(time.ticks_ms(), loop_start)
            remaining = period_ms - elapsed
            if remaining > 0:
                time.sleep_ms(remaining)
]]>
        </CodeFile>

        <CodeFile name="main.py">
<![CDATA[
"""
Entry point for the MicroPython project.

This ties together the modules implementing the design artifacts:
- CMP--1 .. CMP--11 components
- FSM--1 state machine
- DAT--1 .. DAT--7 additional data
"""

from core.scheduler import Scheduler


def main():
    sched = Scheduler()
    sched.run()


if __name__ == "__main__":
    main()
]]>
        </CodeFile>
    </Code>
</Implementation>
